"authorMeta/avatar","authorMeta/bioLink","authorMeta/digg","authorMeta/fans","authorMeta/following","authorMeta/heart","authorMeta/id","authorMeta/name","authorMeta/nickName","authorMeta/privateAccount","authorMeta/roomId","authorMeta/signature","authorMeta/ttSeller","authorMeta/verified","authorMeta/video","commentCount","createTime","createTimeISO","diggCount","effectStickers/0/ID","effectStickers/0/name","hashtags/0/cover","hashtags/0/id","hashtags/0/name","hashtags/0/title","hashtags/1/cover","hashtags/1/id","hashtags/1/name","hashtags/1/title","hashtags/2/cover","hashtags/2/id","hashtags/2/name","hashtags/2/title","hashtags/3/cover","hashtags/3/id","hashtags/3/name","hashtags/3/title","hashtags/4/cover","hashtags/4/id","hashtags/4/name","hashtags/4/title","hashtags/5/cover","hashtags/5/id","hashtags/5/name","hashtags/5/title","hashtags/6/cover","hashtags/6/id","hashtags/6/name","hashtags/6/title","hashtags/7/cover","hashtags/7/id","hashtags/7/name","hashtags/7/title","hashtags/8/cover","hashtags/8/id","hashtags/8/name","hashtags/8/title","hashtags/9/cover","hashtags/9/id","hashtags/9/name","hashtags/9/title","hashtags/10/cover","hashtags/10/id","hashtags/10/name","hashtags/10/title","hashtags/11/cover","hashtags/11/id","hashtags/11/name","hashtags/11/title","hashtags/12/cover","hashtags/12/id","hashtags/12/name","hashtags/12/title","hashtags/13/cover","hashtags/13/id","hashtags/13/name","hashtags/13/title","hashtags/14/cover","hashtags/14/id","hashtags/14/name","hashtags/14/title","hashtags/15/cover","hashtags/15/id","hashtags/15/name","hashtags/15/title","hashtags/16/cover","hashtags/16/id","hashtags/16/name","hashtags/16/title","hashtags/17/cover","hashtags/17/id","hashtags/17/name","hashtags/17/title","hashtags/18/cover","hashtags/18/id","hashtags/18/name","hashtags/18/title","hashtags/19/cover","hashtags/19/id","hashtags/19/name","hashtags/19/title","hashtags/20/cover","hashtags/20/id","hashtags/20/name","hashtags/20/title","hashtags/21/cover","hashtags/21/id","hashtags/21/name","hashtags/21/title","hashtags/22/cover","hashtags/22/id","hashtags/22/name","hashtags/22/title","hashtags/23/cover","hashtags/23/id","hashtags/23/name","hashtags/23/title","hashtags/24/cover","hashtags/24/id","hashtags/24/name","hashtags/24/title","hashtags/25/cover","hashtags/25/id","hashtags/25/name","hashtags/25/title","hashtags/26/cover","hashtags/26/id","hashtags/26/name","hashtags/26/title","hashtags/27/cover","hashtags/27/id","hashtags/27/name","hashtags/27/title","hashtags/28/cover","hashtags/28/id","hashtags/28/name","hashtags/28/title","hashtags/29/cover","hashtags/29/id","hashtags/29/name","hashtags/29/title","hashtags/30/cover","hashtags/30/id","hashtags/30/name","hashtags/30/title","hashtags/31/cover","hashtags/31/id","hashtags/31/name","hashtags/31/title","hashtags/32/cover","hashtags/32/id","hashtags/32/name","hashtags/32/title","hashtags/33/cover","hashtags/33/id","hashtags/33/name","hashtags/33/title","hashtags/34/cover","hashtags/34/id","hashtags/34/name","hashtags/34/title","hashtags/35/cover","hashtags/35/id","hashtags/35/name","hashtags/35/title","hashtags/36/cover","hashtags/36/id","hashtags/36/name","hashtags/36/title","hashtags/37/cover","hashtags/37/id","hashtags/37/name","hashtags/37/title","hashtags/38/cover","hashtags/38/id","hashtags/38/name","hashtags/38/title","hashtags/39/cover","hashtags/39/id","hashtags/39/name","hashtags/39/title","hashtags/40/cover","hashtags/40/id","hashtags/40/name","hashtags/40/title","hashtags/41/cover","hashtags/41/id","hashtags/41/name","hashtags/41/title","hashtags/42/cover","hashtags/42/id","hashtags/42/name","hashtags/42/title","hashtags/43/cover","hashtags/43/id","hashtags/43/name","hashtags/43/title","hashtags/44/cover","hashtags/44/id","hashtags/44/name","hashtags/44/title","hashtags/45/cover","hashtags/45/id","hashtags/45/name","hashtags/45/title","hashtags/46/cover","hashtags/46/id","hashtags/46/name","hashtags/46/title","hashtags/47/cover","hashtags/47/id","hashtags/47/name","hashtags/47/title","id","isAd","isMuted","locationCreated","mediaUrls/0","mentions/0","mentions/1","musicMeta/coverMediumUrl","musicMeta/musicAlbum","musicMeta/musicAuthor","musicMeta/musicId","musicMeta/musicName","musicMeta/musicOriginal","musicMeta/playUrl","playCount","searchHashtag/name","searchHashtag/views","shareCount","text","videoMeta/coverUrl","videoMeta/definition","videoMeta/downloadAddr","videoMeta/duration","videoMeta/format","videoMeta/height","videoMeta/originalDownloadAddr","videoMeta/width","webVideoUrl"
"https://p16-sign-sg.tiktokcdn.com/aweme/720x720/tos-alisg-avt-0068/508846ee0aa01367a7f4cc6e018efb94.jpeg?x-expires=1680717600&x-signature=zc1gG7%2Fj0JgsziVQt3Er9MbIr2w%3D",,"13700","138300","31","2700000","6815905540666590214","ninos.2","Assyrian","false","","❤️ Assyrian ❤️   اشوري وأفتخر 
للاعلان والدعايات ارسال رسالة الى الايميل .","false","false","731","2706","1655986142","2022-06-23T12:09:02.000Z","1200000",,,"","628349","assyrian","","","17031","armenia","","","1663340013776901","assyriantiktok","","","418124","assyrians","","","1756481","assyria","","","55808371","assyriandance","","","1668107428974597","assyrianparty","","","10726866","assyrianwedding","","","3256891","assyrianmusic","","","44113753","assyriansong","","","1666205840710661","assyriansingers","","","1666205840710661","assyriansingers","","","15076050","assyriangirl","","","49378702","assyrianboy","","","1597841057162245","assyrianflag","","","1670754788162565","assyrianlanguage","","","1664390681860101","assyrianland","","","1699282573124609","assyrianbride","","","7106420413156032514","assyriangrom","","","1621280529289397","assyrianmom","","","1647597481881606","assyriandad","","","1662479903352838","assyriantraditionalclothes","","","1611416564156421","اشوري","","","1667670264813573","اشوريين","","","1664801737725958","اشوريه","","","1632341673566214","اشورية","","","1662390157445125","اغاني_اشورية","","","1682576318475265","رقص_اشوري","","","1685987383928833","اشوريين_سوريا_الحسكة","","","7003716087321722882","اشوريي_استراليا_سيدني","",,,,,,,,,,,,,,,,,,,,,,,,,,,,,,,,,,,,,,,,,,,,,,,,,,,,,,,,,,,,,,,,,,,,,,,,,"7112406306593443073","false","false","AU","https://v16-webapp-prime.tiktok.com/video/tos/alisg/tos-alisg-pve-0037c001/090a5296e04a46719f338dec48e7b255/?a=1988&ch=0&cr=0&dr=0&lr=tiktok_m&cd=0%7C0%7C1%7C0&cv=1&br=2904&bt=1452&cs=0&ds=3&mime_type=video_mp4&qs=0&rc=aWg3ZWU4OTU7Z2k3NWRoNkBpM2lnbjM6ZnM4ZDMzODczNEBiLjAtXjFfX2ExMy0tYzIzYSNjaTAycjRvYW5gLS1kMS1zcw%3D%3D&btag=80000&expire=1680569834&ft=-Csk_mH1PD12Nrc3YG-UxPRvmYKt3wv25.3Ap&l=20230403185650C91AFC04C90BC948A7B4&ply_type=2&policy=2&signature=fd167b12697a3c6cecb94eff2f16d4cd&tk=tt_chain_token",,,"https://p16-sign-sg.tiktokcdn.com/aweme/720x720/tos-alisg-avt-0068/508846ee0aa01367a7f4cc6e018efb94.jpeg?x-expires=1680717600&x-signature=zc1gG7%2Fj0JgsziVQt3Er9MbIr2w%3D","","Assyrian","7112406292895238914","original sound","true","https://v77.tiktokcdn.com/57b61817ecb31019ed0f874cb4cef6b5/642b75ea/video/tos/alisg/tos-alisg-v-27dcd7/8fcbe4e9e49348a2b29d19277996ef99/?a=1233&ch=0&cr=0&dr=0&er=2&cd=0%7C0%7C0%7C0&br=250&bt=125&mime_type=audio_mpeg&qs=6&rc=aWU5Ozc4NDczNmY0Ojo8ZEBpanNlNTM6ZnE4ZDMzODU8NEBiY2NiLi9hXi8xMWAvYS9jYSNfLm40cjRnY25gLS1kMS1zcw%3D%3D&l=20230403185650C91AFC04C90BC948A7B4&btag=80000&cc=13&ft=d2A~l-Inz7TdQpjfiyq8Z&download=true","46500000","assyrians","291.4M","7328","#assyrian#armenia#assyriantiktok#assyrians#assyria#assyriandance#assyrianparty#assyrianwedding#assyrianmusic#assyriansong#assyriansingers#assyriansingers#assyriangirl#assyrianboy#assyrianflag#assyrianlanguage#assyrianland#assyrianbride#assyriangrom#assyrianmom#assyriandad #assyriantraditionalclothes#اشوري#اشوريين#اشوريه#اشورية#اغاني_اشورية#رقص_اشوري #اشوريين_سوريا_الحسكة #اشوريي_استراليا_سيدني","https://p16-sign-sg.tiktokcdn.com/obj/tos-alisg-p-0037/4824fb08a2ad4ac4a85cc95f652fcb20_1655986143?x-expires=1680566400&x-signature=TKsaNxGg55%2BrwDN3%2BxH%2BI0lE0ak%3D","720p","https://v16-webapp-prime.tiktok.com/video/tos/alisg/tos-alisg-pve-0037c001/090a5296e04a46719f338dec48e7b255/?a=1988&ch=0&cr=0&dr=0&lr=tiktok_m&cd=0%7C0%7C1%7C0&cv=1&br=2904&bt=1452&cs=0&ds=3&mime_type=video_mp4&qs=0&rc=aWg3ZWU4OTU7Z2k3NWRoNkBpM2lnbjM6ZnM4ZDMzODczNEBiLjAtXjFfX2ExMy0tYzIzYSNjaTAycjRvYW5gLS1kMS1zcw%3D%3D&btag=80000&expire=1680569834&ft=-Csk_mH1PD12Nrc3YG-UxPRvmYKt3wv25.3Ap&l=20230403185650C91AFC04C90BC948A7B4&ply_type=2&policy=2&signature=fd167b12697a3c6cecb94eff2f16d4cd&tk=tt_chain_token","23","mp4","1024","https://v16-webapp-prime.tiktok.com/video/tos/alisg/tos-alisg-pve-0037c001/090a5296e04a46719f338dec48e7b255/?a=1988&ch=0&cr=0&dr=0&lr=tiktok_m&cd=0%7C0%7C1%7C0&cv=1&br=2904&bt=1452&cs=0&ds=3&mime_type=video_mp4&qs=0&rc=aWg3ZWU4OTU7Z2k3NWRoNkBpM2lnbjM6ZnM4ZDMzODczNEBiLjAtXjFfX2ExMy0tYzIzYSNjaTAycjRvYW5gLS1kMS1zcw%3D%3D&btag=80000&expire=1680569834&ft=-Csk_mH1PD12Nrc3YG-UxPRvmYKt3wv25.3Ap&l=20230403185650C91AFC04C90BC948A7B4&ply_type=2&policy=2&signature=fd167b12697a3c6cecb94eff2f16d4cd&tk=tt_chain_token","576","https://www.tiktok.com/@ninos.2/video/7112406306593443073"
"https://p16-sign-sg.tiktokcdn.com/aweme/720x720/tos-alisg-avt-0068/508846ee0aa01367a7f4cc6e018efb94.jpeg?x-expires=1680717600&x-signature=zc1gG7%2Fj0JgsziVQt3Er9MbIr2w%3D",,"13700","138300","31","2700000","6815905540666590214","ninos.2","Assyrian","false","","❤️ Assyrian ❤️   اشوري وأفتخر 
للاعلان والدعايات ارسال رسالة الى الايميل .","false","false","731","462","1656312202","2022-06-27T06:43:22.000Z","300500",,,"","628349","assyrian","","","88390","armenian","","","418124","assyrians","","","1663340013776901","assyriantiktok","","","1756481","assyria","","","1668107428974597","assyrianparty","","","10726866","assyrianwedding","","","3256891","assyrianmusic","","","44113753","assyriansong","","","1663433591615493","assyriansongs","","","1666205840710661","assyriansingers","","","15076050","assyriangirl","","","49378702","assyrianboy","","","1597841057162245","assyrianflag","","","1670754788162565","assyrianlanguage","","","1664390681860101","assyrianland","","","1699282573124609","assyrianbride","","","7106420413156032514","assyriangrom","","","1647597481881606","assyriandad","","","1644736058769414","assyrianparents","","","1662479903352838","assyriantraditionalclothes","","","1662479376972806","assyriantraditions","","","1659875834611717","assyrianculture","","","1667418889684998","assyriankids","","","1665618907731974","assyriancouple","","","1676346896189445","assyrianlove","","","1611416564156421","اشوري","","","1622252011123718","اشور","","","1664801737725958","اشوريه","","","1632341673566214","اشورية","","","1667670264813573","اشوريين","","","1662390157445125","اغاني_اشورية","","","1682576318475265","رقص_اشوري","","","1696628233702406","عرس_اشوري","","","1685987383928833","اشوريين_سوريا_الحسكة","","","7003716087321722882","اشوريي_استراليا_سيدني","","","276199","fairfield","",,,,,,,,,,,,,,,,,,,,,,,,,,,,,,,,,,,,,,,,,,,,,"7113806700427119873","false","false","AU","https://v16-webapp-prime.tiktok.com/video/tos/alisg/tos-alisg-pve-0037c001/448ef026025c42e2a28bb9bcfb5d15af/?a=1988&ch=0&cr=0&dr=0&lr=tiktok_m&cd=0%7C0%7C1%7C0&cv=1&br=2558&bt=1279&cs=0&ds=3&mime_type=video_mp4&qs=0&rc=ODw0ZGg7aTk7aTpnNTNpaUBpM3N4eDw6ZnFvZDMzODczNEAyMS9fMTZeXmMxNC0tX2IyYSMvM2cwcjRfLXBgLS1kMS1zcw%3D%3D&btag=80000&expire=1680569841&ft=-Csk_mH1PD12Nrc3YG-UxPRvmYKt3wv25.3Ap&l=20230403185650C91AFC04C90BC948A7B4&ply_type=2&policy=2&signature=d7a3d3761dae042781f831fcaf4cb96a&tk=tt_chain_token",,,"https://p16-sign-sg.tiktokcdn.com/aweme/720x720/tos-alisg-avt-0068/508846ee0aa01367a7f4cc6e018efb94.jpeg?x-expires=1680717600&x-signature=zc1gG7%2Fj0JgsziVQt3Er9MbIr2w%3D","","Assyrian","7113806711298738946","original sound","true","https://v77.tiktokcdn.com/57b61817ecb31019ed0f874cb4cef6b5/642b75ea/video/tos/alisg/tos-alisg-v-27dcd7/8fcbe4e9e49348a2b29d19277996ef99/?a=1233&ch=0&cr=0&dr=0&er=2&cd=0%7C0%7C0%7C0&br=250&bt=125&mime_type=audio_mpeg&qs=6&rc=aWU5Ozc4NDczNmY0Ojo8ZEBpanNlNTM6ZnE4ZDMzODU8NEBiY2NiLi9hXi8xMWAvYS9jYSNfLm40cjRnY25gLS1kMS1zcw%3D%3D&l=20230403185650C91AFC04C90BC948A7B4&btag=80000&cc=13&ft=d2A~l-Inz7TdQpjfiyq8Z&download=true","9900000","assyrians","291.4M","1010","#assyrian#armenian#assyrians#assyriantiktok#assyria#assyrianparty#assyrianwedding#assyrianmusic#assyriansong#assyriansongs#assyriansingers#assyriangirl#assyrianboy#assyrianflag#assyrianlanguage l#assyrianland#assyrianbride#assyriangrom#assyriandad#assyrianparents#assyriantraditionalclothes#assyriantraditions#assyrianculture#assyriankids#assyriancouple#assyrianlove#اشوري#اشور#اشوريه#اشورية#اشوريين#اغاني_اشورية #رقص_اشوري #عرس_اشوري #اشوريين_سوريا_الحسكة #اشوريي_استراليا_سيدني #fairfield","https://p16-sign-sg.tiktokcdn.com/obj/tos-alisg-p-0037/691ab0e568704abc82f1a5df87f91448_1656312203?x-expires=1680566400&x-signature=pWG2lf3%2FWL6x8Qq36feEebjZcuk%3D","720p","https://v16-webapp-prime.tiktok.com/video/tos/alisg/tos-alisg-pve-0037c001/448ef026025c42e2a28bb9bcfb5d15af/?a=1988&ch=0&cr=0&dr=0&lr=tiktok_m&cd=0%7C0%7C1%7C0&cv=1&br=2558&bt=1279&cs=0&ds=3&mime_type=video_mp4&qs=0&rc=ODw0ZGg7aTk7aTpnNTNpaUBpM3N4eDw6ZnFvZDMzODczNEAyMS9fMTZeXmMxNC0tX2IyYSMvM2cwcjRfLXBgLS1kMS1zcw%3D%3D&btag=80000&expire=1680569841&ft=-Csk_mH1PD12Nrc3YG-UxPRvmYKt3wv25.3Ap&l=20230403185650C91AFC04C90BC948A7B4&ply_type=2&policy=2&signature=d7a3d3761dae042781f831fcaf4cb96a&tk=tt_chain_token","30","mp4","1024","https://v16-webapp-prime.tiktok.com/video/tos/alisg/tos-alisg-pve-0037c001/448ef026025c42e2a28bb9bcfb5d15af/?a=1988&ch=0&cr=0&dr=0&lr=tiktok_m&cd=0%7C0%7C1%7C0&cv=1&br=2558&bt=1279&cs=0&ds=3&mime_type=video_mp4&qs=0&rc=ODw0ZGg7aTk7aTpnNTNpaUBpM3N4eDw6ZnFvZDMzODczNEAyMS9fMTZeXmMxNC0tX2IyYSMvM2cwcjRfLXBgLS1kMS1zcw%3D%3D&btag=80000&expire=1680569841&ft=-Csk_mH1PD12Nrc3YG-UxPRvmYKt3wv25.3Ap&l=20230403185650C91AFC04C90BC948A7B4&ply_type=2&policy=2&signature=d7a3d3761dae042781f831fcaf4cb96a&tk=tt_chain_token","576","https://www.tiktok.com/@ninos.2/video/7113806700427119873"
"https://p16-sign-sg.tiktokcdn.com/aweme/720x720/tos-alisg-avt-0068/508846ee0aa01367a7f4cc6e018efb94.jpeg?x-expires=1680717600&x-signature=zc1gG7%2Fj0JgsziVQt3Er9MbIr2w%3D",,"13700","138300","31","2700000","6815905540666590214","ninos.2","Assyrian","false","","❤️ Assyrian ❤️   اشوري وأفتخر 
للاعلان والدعايات ارسال رسالة الى الايميل .","false","false","731","683","1656167016","2022-06-25T14:23:36.000Z","203000",,,"","628349","assyrian","","","88390","armenian","","","1663340013776901","assyriantiktok","","","1603225274725381","armeniantiktok","","","418124","assyrians","","","1756481","assyria","","","1668107428974597","assyrianparty","","","10726866","assyrianwedding","","","3256891","assyrianmusic","","","44113753","assyriansong","","","1666205840710661","assyriansingers","","","15076050","assyriangirl","","","49378702","assyrianboy","","","1597841057162245","assyrianflag","","","1670754788162565","assyrianlanguage","","","1664390681860101","assyrianland","","","1699282573124609","assyrianbride","","","7106420413156032514","assyriangrom","","","1621280529289397","assyrianmom","","","1647597481881606","assyriandad","","","1667418889684998","assyriankids","","","1623625434226693","assyriankings","","","1662479903352838","assyriantraditionalclothes","","","1659875834611717","assyrianculture","","","1662479376972806","assyriantraditions","","","1611416564156421","اشوري","","","1667670264813573","اشوريين","","","1632341673566214","اشورية","","","1664801737725958","اشوريه","","","1622252011123718","اشور","","","1662390157445125","اغاني_اشورية","","","1696628233702406","عرس_اشوري","","","1682576318475265","رقص_اشوري","","","1685987383928833","اشوريين_سوريا_الحسكة","","","7003716087321722882","اشوريي_استراليا_سيدني","","","64688291","الحسكة","","","10120797","سوريا","","","276199","fairfield","","","54082","sydney","","","1616385100566534","خابور","","","1658450820068357","ارمن","",,,,,,,,,,,,,,,,,,,,,,,,,,,,,"7113183149693078785","false","false","AU","https://v16-webapp-prime.tiktok.com/video/tos/alisg/tos-alisg-pve-0037c001/dbc58f08daef4e6ca3d886b9c6a03987/?a=1988&ch=0&cr=0&dr=0&lr=tiktok_m&cd=0%7C0%7C1%7C0&cv=1&br=2706&bt=1353&cs=0&ds=3&mime_type=video_mp4&qs=0&rc=NjdoOzs7ZmZkPDo7NmllPEBpM2hsbjM6ZmtrZDMzODczNEAwYGMzMTBgNTExLS0wYzYvYSMzNTEycjRvZW9gLS1kMS1zcw%3D%3D&btag=80000&expire=1680569857&ft=-Csk_mH1PD12Nrc3YG-UxPRvmYKt3wv25.3Ap&l=20230403185650C91AFC04C90BC948A7B4&ply_type=2&policy=2&signature=38ad5b6a4aaddd698abfbac4b3b2a444&tk=tt_chain_token",,,"https://p16-sign-sg.tiktokcdn.com/aweme/720x720/tos-alisg-avt-0068/508846ee0aa01367a7f4cc6e018efb94.jpeg?x-expires=1680717600&x-signature=zc1gG7%2Fj0JgsziVQt3Er9MbIr2w%3D","","Assyrian","7113183151060536065","original sound","true","https://v77.tiktokcdn.com/57b61817ecb31019ed0f874cb4cef6b5/642b75ea/video/tos/alisg/tos-alisg-v-27dcd7/8fcbe4e9e49348a2b29d19277996ef99/?a=1233&ch=0&cr=0&dr=0&er=2&cd=0%7C0%7C0%7C0&br=250&bt=125&mime_type=audio_mpeg&qs=6&rc=aWU5Ozc4NDczNmY0Ojo8ZEBpanNlNTM6ZnE4ZDMzODU8NEBiY2NiLi9hXi8xMWAvYS9jYSNfLm40cjRnY25gLS1kMS1zcw%3D%3D&l=20230403185650C91AFC04C90BC948A7B4&btag=80000&cc=13&ft=d2A~l-Inz7TdQpjfiyq8Z&download=true","9100000","assyrians","291.4M","1079","#assyrian#armenian#assyriantiktok#armeniantiktok#assyrians#assyria#assyrianparty#assyrianwedding#assyrianmusic#assyriansong#assyriansingers#assyriangirl#assyrianboy#assyrianflag#assyrianlanguage#assyrianland#assyrianbride#assyriangrom#assyrianmom#assyriandad#assyriankids#assyriankings#assyriantraditionalclothes#assyrianculture#assyriantraditions#اشوري#اشوريين#اشورية#اشوريه#اشور#اغاني_اشورية#عرس_اشوري#رقص_اشوري#اشوريين_سوريا_الحسكة#اشوريي_استراليا_سيدني#الحسكة#سوريا#fairfield#sydney#خابور #ارمن","https://p16-sign-sg.tiktokcdn.com/obj/tos-alisg-p-0037/de81e077ffd6418ba65370aeccf36783_1656167017?x-expires=1680566400&x-signature=YXquZrenUMd3wXSEnlx3knryFAw%3D","720p","https://v16-webapp-prime.tiktok.com/video/tos/alisg/tos-alisg-pve-0037c001/dbc58f08daef4e6ca3d886b9c6a03987/?a=1988&ch=0&cr=0&dr=0&lr=tiktok_m&cd=0%7C0%7C1%7C0&cv=1&br=2706&bt=1353&cs=0&ds=3&mime_type=video_mp4&qs=0&rc=NjdoOzs7ZmZkPDo7NmllPEBpM2hsbjM6ZmtrZDMzODczNEAwYGMzMTBgNTExLS0wYzYvYSMzNTEycjRvZW9gLS1kMS1zcw%3D%3D&btag=80000&expire=1680569857&ft=-Csk_mH1PD12Nrc3YG-UxPRvmYKt3wv25.3Ap&l=20230403185650C91AFC04C90BC948A7B4&ply_type=2&policy=2&signature=38ad5b6a4aaddd698abfbac4b3b2a444&tk=tt_chain_token","46","mp4","1024","https://v16-webapp-prime.tiktok.com/video/tos/alisg/tos-alisg-pve-0037c001/dbc58f08daef4e6ca3d886b9c6a03987/?a=1988&ch=0&cr=0&dr=0&lr=tiktok_m&cd=0%7C0%7C1%7C0&cv=1&br=2706&bt=1353&cs=0&ds=3&mime_type=video_mp4&qs=0&rc=NjdoOzs7ZmZkPDo7NmllPEBpM2hsbjM6ZmtrZDMzODczNEAwYGMzMTBgNTExLS0wYzYvYSMzNTEycjRvZW9gLS1kMS1zcw%3D%3D&btag=80000&expire=1680569857&ft=-Csk_mH1PD12Nrc3YG-UxPRvmYKt3wv25.3Ap&l=20230403185650C91AFC04C90BC948A7B4&ply_type=2&policy=2&signature=38ad5b6a4aaddd698abfbac4b3b2a444&tk=tt_chain_token","576","https://www.tiktok.com/@ninos.2/video/7113183149693078785"
"https://p16-sign-va.tiktokcdn.com/tos-maliva-avt-0068/a809d958b78ec8a6a0f04309597db669~c5_720x720.jpeg?x-expires=1680717600&x-signature=1JVBYC6yiiM3A7%2FoFimJTWbEKZg%3D",,"14700","223000","601","8400000","6813533221193483270","ramina_rated","Ramina_Rated","false","","🧿
Let’s laugh together 🤎
Follow on IG 👆🏽
Inquiries 📧 raminarated@gmail.com","false","false","988","27","1664567293","2022-09-30T19:48:13.000Z","144200",,,"","628349","assyrian","","","418124","assyrians","","","1663340013776901","assyriantiktok","","","1592238930108417","arabtiktok","From small business owners to cooks and style icons, here's to our thriving community of creators creating culture around the world. Here's to #ArabTikTok.","","48136","middleeastern","","https://p16-amd-va.tiktokcdn.com/obj/musically-maliva-obj/6b1db1d38f42c9b6fbc5111028ec889f","6958","wedding","","","6489","tradition","","","34409","customs","","","15959629","suryoyo","","","419235","chaldean","","","5424","funny","What's so #Funny?","","1606334392378370","comedy","","","12937","single","","","229207","fyp","","https://p16-sg.tiktokcdn.com/obj/tiktok-obj/14395673ac767c75a2f846113229ea95.png","1652484531221509","xyzbca","Asla bir sonraki hamleni bilmelerine izin verme! 👀",,,,,,,,,,,,,,,,,,,,,,,,,,,,,,,,,,,,,,,,,,,,,,,,,,,,,,,,,,,,,,,,,,,,,,,,,,,,,,,,,,,,,,,,,,,,,,,,,,,,,,,,,,,,,,,,,,,,,,,,,,,,,,,,,,,,,"7149262015222140203","false","false","US","https://v16-webapp-prime.tiktok.com/video/tos/maliva/tos-maliva-ve-0068c799-us/26b78ed6179e4b4ab5b288f47bddbecb/?a=1988&ch=0&cr=0&dr=0&lr=tiktok_m&cd=0%7C0%7C1%7C0&cv=1&br=2798&bt=1399&cs=0&ds=3&mime_type=video_mp4&qs=0&rc=aDRlZzpmNDo1aDo3ZzY1NkBpand4ZjM6ZjNuZjMzZzczNEBgMzY0LjVgNTQxYjEtMjVeYSMzaGdscjRvYm9gLS1kMS9zcw%3D%3D&btag=80000&expire=1680569836&ft=-Csk_mH1PD12Nrc3YG-UxPRvmYKt3wv25.3Ap&l=20230403185650C91AFC04C90BC948A7B4&ply_type=2&policy=2&signature=5f41b3d01ed8c7a641b365a97f47ba63&tk=tt_chain_token",,,"https://p16-amd-va.tiktokcdn.com/img/tos-useast2a-v-2774/092c46446a6a43669cb987fc65e86528~c5_200x200.jpeg","Sah Sah","Nancy Ajram & Marshmello","7115215353596102657","Sah Sah","false","https://sf16-ies-music-va.tiktokcdn.com/obj/tos-useast2a-ve-2774/54d550754c2c4e6a9c86bf71188613f4","909500","assyrians","291.4M","26","Fake news #assyrian #assyrians #assyriantiktok #arabtiktok #middleeastern #wedding #tradition #customs #suryoyo #chaldean #funny #comedy #single #fyp #xyzbca ","https://p16-sign.tiktokcdn-us.com/obj/tos-useast5-p-0068-tx/c5a97ed5f31e478590fdc2ae7b17e5f6?x-expires=1680566400&x-signature=uKoI5E99YReq7zqAM0MbWW11Miw%3D","720p","https://v16-webapp-prime.tiktok.com/video/tos/maliva/tos-maliva-ve-0068c799-us/26b78ed6179e4b4ab5b288f47bddbecb/?a=1988&ch=0&cr=0&dr=0&lr=tiktok_m&cd=0%7C0%7C1%7C0&cv=1&br=2798&bt=1399&cs=0&ds=3&mime_type=video_mp4&qs=0&rc=aDRlZzpmNDo1aDo3ZzY1NkBpand4ZjM6ZjNuZjMzZzczNEBgMzY0LjVgNTQxYjEtMjVeYSMzaGdscjRvYm9gLS1kMS9zcw%3D%3D&btag=80000&expire=1680569836&ft=-Csk_mH1PD12Nrc3YG-UxPRvmYKt3wv25.3Ap&l=20230403185650C91AFC04C90BC948A7B4&ply_type=2&policy=2&signature=5f41b3d01ed8c7a641b365a97f47ba63&tk=tt_chain_token","25","mp4","1024","https://v16-webapp-prime.tiktok.com/video/tos/maliva/tos-maliva-ve-0068c799-us/26b78ed6179e4b4ab5b288f47bddbecb/?a=1988&ch=0&cr=0&dr=0&lr=tiktok_m&cd=0%7C0%7C1%7C0&cv=1&br=2798&bt=1399&cs=0&ds=3&mime_type=video_mp4&qs=0&rc=aDRlZzpmNDo1aDo3ZzY1NkBpand4ZjM6ZjNuZjMzZzczNEBgMzY0LjVgNTQxYjEtMjVeYSMzaGdscjRvYm9gLS1kMS9zcw%3D%3D&btag=80000&expire=1680569836&ft=-Csk_mH1PD12Nrc3YG-UxPRvmYKt3wv25.3Ap&l=20230403185650C91AFC04C90BC948A7B4&ply_type=2&policy=2&signature=5f41b3d01ed8c7a641b365a97f47ba63&tk=tt_chain_token","576","https://www.tiktok.com/@ramina_rated/video/7149262015222140203"
"https://p16-sign-va.tiktokcdn.com/tos-maliva-avt-0068/a809d958b78ec8a6a0f04309597db669~c5_720x720.jpeg?x-expires=1680717600&x-signature=1JVBYC6yiiM3A7%2FoFimJTWbEKZg%3D",,"14700","223000","601","8400000","6813533221193483270","ramina_rated","Ramina_Rated","false","","🧿
Let’s laugh together 🤎
Follow on IG 👆🏽
Inquiries 📧 raminarated@gmail.com","false","false","988","979","1679464036","2023-03-22T05:47:16.000Z","132700",,,"","1663340013776901","assyriantiktok","","","1592238930108417","arabtiktok","From small business owners to cooks and style icons, here's to our thriving community of creators creating culture around the world. Here's to #ArabTikTok.","","12304331","yome","","","5424","funny","What's so #Funny?","","1606334392378370","comedy","","","628349","assyrian","","","418124","assyrians","","","1621280529289397","assyrianmom","","","15959629","suryoyo","","","419235","chaldean","","","48136","middleeastern","","","6888","relatable","Tell us about things you find #Relatable","","229207","fyp","","https://p16-sg.tiktokcdn.com/obj/tiktok-obj/14395673ac767c75a2f846113229ea95.png","1652484531221509","xyzbca","Asla bir sonraki hamleni bilmelerine izin verme! 👀",,,,,,,,,,,,,,,,,,,,,,,,,,,,,,,,,,,,,,,,,,,,,,,,,,,,,,,,,,,,,,,,,,,,,,,,,,,,,,,,,,,,,,,,,,,,,,,,,,,,,,,,,,,,,,,,,,,,,,,,,,,,,,,,,,,,,,,,,"7213242963688754474","false","false","US","https://v16-webapp-prime.tiktok.com/video/tos/maliva/tos-maliva-ve-0068c799-us/31afdb6c782540ffadc63dfa4587f2fe/?a=1988&ch=0&cr=0&dr=0&lr=tiktok_m&cd=0%7C0%7C1%7C0&cv=1&br=3360&bt=1680&cs=0&ds=3&mime_type=video_mp4&qs=0&rc=OGU8OjVnODU4NzQ7aDZlOkBpM2o8dTM6Zjw8ajMzZzczNEAwL2I2MjAyNjUxYTBgXzI2YSMxYG5tcjQwX2FgLS1kMS9zcw%3D%3D&btag=80000&expire=1680569839&ft=-Csk_mH1PD12Nrc3YG-UxPRvmYKt3wv25.3Ap&l=20230403185650C91AFC04C90BC948A7B4&ply_type=2&policy=2&signature=e143521163d5e47f97ae877c11d466ce&tk=tt_chain_token",,,"https://p16-sign-va.tiktokcdn.com/tos-maliva-avt-0068/a809d958b78ec8a6a0f04309597db669~c5_720x720.jpeg?x-expires=1680717600&x-signature=1JVBYC6yiiM3A7%2FoFimJTWbEKZg%3D","","Ramina_Rated","7213243043347122990","original sound","true","https://v77.tiktokcdn.com/57b61817ecb31019ed0f874cb4cef6b5/642b75ea/video/tos/alisg/tos-alisg-v-27dcd7/8fcbe4e9e49348a2b29d19277996ef99/?a=1233&ch=0&cr=0&dr=0&er=2&cd=0%7C0%7C0%7C0&br=250&bt=125&mime_type=audio_mpeg&qs=6&rc=aWU5Ozc4NDczNmY0Ojo8ZEBpanNlNTM6ZnE4ZDMzODU8NEBiY2NiLi9hXi8xMWAvYS9jYSNfLm40cjRnY25gLS1kMS1zcw%3D%3D&l=20230403185650C91AFC04C90BC948A7B4&btag=80000&cc=13&ft=d2A~l-Inz7TdQpjfiyq8Z&download=true","819100","assyrians","291.4M","5571","They got sound effects for everything 😩🤣 #assyriantiktok #arabtiktok #yome #funny #comedy #assyrian #assyrians #assyrianmom #suryoyo #chaldean #middleeastern #relatable #fyp #xyzbca ","https://p16-sign.tiktokcdn-us.com/tos-useast5-p-0068-tx/28fa3e94886949ba84a3bb725fe5eeeb_1679464037~tplv-dmt-logom:tos-useast5-i-0068-tx/f9f966bb9b2d4eddb19005a32ba96443.image?x-expires=1680566400&x-signature=elSjKb6EASZZd7eiVl30omgYagM%3D","720p","https://v16-webapp-prime.tiktok.com/video/tos/maliva/tos-maliva-ve-0068c799-us/31afdb6c782540ffadc63dfa4587f2fe/?a=1988&ch=0&cr=0&dr=0&lr=tiktok_m&cd=0%7C0%7C1%7C0&cv=1&br=3360&bt=1680&cs=0&ds=3&mime_type=video_mp4&qs=0&rc=OGU8OjVnODU4NzQ7aDZlOkBpM2o8dTM6Zjw8ajMzZzczNEAwL2I2MjAyNjUxYTBgXzI2YSMxYG5tcjQwX2FgLS1kMS9zcw%3D%3D&btag=80000&expire=1680569839&ft=-Csk_mH1PD12Nrc3YG-UxPRvmYKt3wv25.3Ap&l=20230403185650C91AFC04C90BC948A7B4&ply_type=2&policy=2&signature=e143521163d5e47f97ae877c11d466ce&tk=tt_chain_token","28","mp4","1024","https://v16-webapp-prime.tiktok.com/video/tos/maliva/tos-maliva-ve-0068c799-us/31afdb6c782540ffadc63dfa4587f2fe/?a=1988&ch=0&cr=0&dr=0&lr=tiktok_m&cd=0%7C0%7C1%7C0&cv=1&br=3360&bt=1680&cs=0&ds=3&mime_type=video_mp4&qs=0&rc=OGU8OjVnODU4NzQ7aDZlOkBpM2o8dTM6Zjw8ajMzZzczNEAwL2I2MjAyNjUxYTBgXzI2YSMxYG5tcjQwX2FgLS1kMS9zcw%3D%3D&btag=80000&expire=1680569839&ft=-Csk_mH1PD12Nrc3YG-UxPRvmYKt3wv25.3Ap&l=20230403185650C91AFC04C90BC948A7B4&ply_type=2&policy=2&signature=e143521163d5e47f97ae877c11d466ce&tk=tt_chain_token","576","https://www.tiktok.com/@ramina_rated/video/7213242963688754474"
"https://p16-sign-va.tiktokcdn.com/tos-maliva-avt-0068/7d9b86e958c49cf05dc09e6f8ff9f0be~c5_720x720.jpeg?x-expires=1680717600&x-signature=MXhVA2M0JZmmYJW8rvu3ROtXKJY%3D",,"38700","21300","75","1800000","6920302835419120641","roshrashid","rosh","false","","📩: roshrashid@icloud.com","false","false","77","1044","1647985820","2022-03-22T21:50:20.000Z","130200",,,"","5399","nature","Here's to the great outdoors.","","42164","foryou","","","153828","fy","","https://p16-sg.tiktokcdn.com/obj/tiktok-obj/14395673ac767c75a2f846113229ea95.png","1652484531221509","xyzbca","Asla bir sonraki hamleni bilmelerine izin verme! 👀","","229207","fyp","","","310195","kurdish","","","8036290","indigenous","","","186679","nativeamerican","","","418124","assyrians","","","83345044","māori","","","1679196528143366","mandeans","","","10343621","kurds","",,,,,,,,,,,,,,,,,,,,,,,,,,,,,,,,,,,,,,,,,,,,,,,,,,,,,,,,,,,,,,,,,,,,,,,,,,,,,,,,,,,,,,,,,,,,,,,,,,,,,,,,,,,,,,,,,,,,,,,,,,,,,,,,,,,,,,,,,,,,,,,,,"7078045197149490438","false","false","NL","https://v16-webapp-prime.tiktok.com/video/tos/useast2a/tos-useast2a-ve-0068c002/591667b268bf42c3868daeab3ae424f8/?a=1988&ch=0&cr=0&dr=0&lr=tiktok_m&cd=0%7C0%7C1%7C0&cv=1&br=1970&bt=985&cs=0&ds=3&mime_type=video_mp4&qs=0&rc=OzxmZTw2PDY5ZjZkZ2U4ZEBpMzw2czg6Zjw3OzMzNzczM0AzMTIuMTU2Xi0xNjRgMTVjYSNeNGhscjRfM3FgLS1kMTZzcw%3D%3D&btag=80000&expire=1680569829&ft=-Csk_mH1PD12Nrc3YG-UxPRvmYKt3wv25.3Ap&l=20230403185650C91AFC04C90BC948A7B4&ply_type=2&policy=2&signature=128917efb74b3574a0faea1b687a4eed&tk=tt_chain_token",,,"https://p16-sign-va.tiktokcdn.com/tos-maliva-avt-0068/6df4d594d8f52f4e0bb2754e33ce4ddd~c5_720x720.jpeg?x-expires=1680717600&x-signature=ssYZ4Tx%2F8IS4xpGh0sGpjDJPNcA%3D","","soundsgalour","7072345240845306630","original sound","true","https://v77.tiktokcdn.com/57b61817ecb31019ed0f874cb4cef6b5/642b75ea/video/tos/alisg/tos-alisg-v-27dcd7/8fcbe4e9e49348a2b29d19277996ef99/?a=1233&ch=0&cr=0&dr=0&er=2&cd=0%7C0%7C0%7C0&br=250&bt=125&mime_type=audio_mpeg&qs=6&rc=aWU5Ozc4NDczNmY0Ojo8ZEBpanNlNTM6ZnE4ZDMzODU8NEBiY2NiLi9hXi8xMWAvYS9jYSNfLm40cjRnY25gLS1kMS1zcw%3D%3D&l=20230403185650C91AFC04C90BC948A7B4&btag=80000&cc=13&ft=d2A~l-Inz7TdQpjfiyq8Z&download=true","543100","assyrians","291.4M","994","Indigenous people around the world. #nature #foryou #fy #xyzbca #fyp #kurdish #indigenous #nativeamerican #assyrians #māori #mandeans #kurds","https://p16-sign-va.tiktokcdn.com/obj/tos-maliva-p-0068/b291893086b14da4908db41054fdb697?x-expires=1680566400&x-signature=2vf%2B8khgZ%2B8LYfgb%2BypDS%2FKXt1E%3D","720p","https://v16-webapp-prime.tiktok.com/video/tos/useast2a/tos-useast2a-ve-0068c002/591667b268bf42c3868daeab3ae424f8/?a=1988&ch=0&cr=0&dr=0&lr=tiktok_m&cd=0%7C0%7C1%7C0&cv=1&br=1970&bt=985&cs=0&ds=3&mime_type=video_mp4&qs=0&rc=OzxmZTw2PDY5ZjZkZ2U4ZEBpMzw2czg6Zjw3OzMzNzczM0AzMTIuMTU2Xi0xNjRgMTVjYSNeNGhscjRfM3FgLS1kMTZzcw%3D%3D&btag=80000&expire=1680569829&ft=-Csk_mH1PD12Nrc3YG-UxPRvmYKt3wv25.3Ap&l=20230403185650C91AFC04C90BC948A7B4&ply_type=2&policy=2&signature=128917efb74b3574a0faea1b687a4eed&tk=tt_chain_token","18","mp4","1024","https://v16-webapp-prime.tiktok.com/video/tos/useast2a/tos-useast2a-ve-0068c002/591667b268bf42c3868daeab3ae424f8/?a=1988&ch=0&cr=0&dr=0&lr=tiktok_m&cd=0%7C0%7C1%7C0&cv=1&br=1970&bt=985&cs=0&ds=3&mime_type=video_mp4&qs=0&rc=OzxmZTw2PDY5ZjZkZ2U4ZEBpMzw2czg6Zjw3OzMzNzczM0AzMTIuMTU2Xi0xNjRgMTVjYSNeNGhscjRfM3FgLS1kMTZzcw%3D%3D&btag=80000&expire=1680569829&ft=-Csk_mH1PD12Nrc3YG-UxPRvmYKt3wv25.3Ap&l=20230403185650C91AFC04C90BC948A7B4&ply_type=2&policy=2&signature=128917efb74b3574a0faea1b687a4eed&tk=tt_chain_token","576","https://www.tiktok.com/@roshrashid/video/7078045197149490438"
"https://p16-sign-sg.tiktokcdn.com/aweme/720x720/tos-alisg-avt-0068/508846ee0aa01367a7f4cc6e018efb94.jpeg?x-expires=1680717600&x-signature=zc1gG7%2Fj0JgsziVQt3Er9MbIr2w%3D",,"13700","138300","31","2700000","6815905540666590214","ninos.2","Assyrian","false","","❤️ Assyrian ❤️   اشوري وأفتخر 
للاعلان والدعايات ارسال رسالة الى الايميل .","false","false","731","534","1658327616","2022-07-20T14:33:36.000Z","88500",,,"","628349","assyrian","","","418124","assyrians","","","1756481","assyria","","","1663340013776901","assyriantiktok","","","1668107428974597","assyrianparty","","","10726866","assyrianwedding","","","3256891","assyrianmusic","","","44113753","assyriansong","","","15076050","assyriangirl","","","49378702","assyrianboy","","","1597841057162245","assyrianflag","","","1670754788162565","assyrianlanguage","","","1699282573124609","assyrianbride","","","7106420413156032514","assyriangrom","","","1664390681860101","assyrianland","","","1647597481881606","assyriandad","","","1621280529289397","assyrianmom","","","1662479903352838","assyriantraditionalclothes","","","1662479376972806","assyriantraditions","","","1659875834611717","assyrianculture","","","1676346896189445","assyrianlove","","","1665618907731974","assyriancouple","","","1652366493842438","assyrian_girl","","","1670278456629254","assyrianlyrics","","","4376617","assyrianforlife","","","71719429","assyrianforever","","","1611416564156421","اشوري","","","1622252011123718","اشور","","","1667670264813573","اشوريين","","","1632341673566214","اشورية","","","1664801737725958","اشوريه","","","1685987383928833","اشوريين_سوريا_الحسكة","","","7003716087321722882","اشوريي_استراليا_سيدني","","","1660027424083973","اشورية_بكل_فخر","","","1662390157445125","اغاني_اشورية","","","1682576318475265","رقص_اشوري","","","1696628233702406","عرس_اشوري","","","1616090491487238","تل_تمر","","","64688291","الحسكة","","","10120797","سوريا","","","178062","عراق","","","1628439","لبنان","",,,,,,,,,,,,,,,,,,,,,,,,,"7122462861263113473","false","false","AU","https://v16-webapp-prime.tiktok.com/video/tos/alisg/tos-alisg-pve-0037c001/e7de199e1cb4409b97e0b7b9a856e119/?a=1988&ch=0&cr=0&dr=0&lr=tiktok_m&cd=0%7C0%7C1%7C0&cv=1&br=3206&bt=1603&cs=0&ds=3&mime_type=video_mp4&qs=0&rc=ZTpoNGU3NjhnNjc7OjdnNEBpM2RlOGk6ZnM0ZTMzODczNEAwXy4wXzYtNjExYzBfYDEwYSMxYF5wcjRfLmBgLS1kMS1zcw%3D%3D&btag=80000&expire=1680569836&ft=-Csk_mH1PD12Nrc3YG-UxPRvmYKt3wv25.3Ap&l=20230403185650C91AFC04C90BC948A7B4&ply_type=2&policy=2&signature=7e1d74cd8979d690fe817f7f4edab7f4&tk=tt_chain_token",,,"https://p16-sign-sg.tiktokcdn.com/aweme/720x720/tos-alisg-avt-0068/508846ee0aa01367a7f4cc6e018efb94.jpeg?x-expires=1680717600&x-signature=zc1gG7%2Fj0JgsziVQt3Er9MbIr2w%3D","","Assyrian","7122462847426808577","original sound","true","https://v77.tiktokcdn.com/57b61817ecb31019ed0f874cb4cef6b5/642b75ea/video/tos/alisg/tos-alisg-v-27dcd7/8fcbe4e9e49348a2b29d19277996ef99/?a=1233&ch=0&cr=0&dr=0&er=2&cd=0%7C0%7C0%7C0&br=250&bt=125&mime_type=audio_mpeg&qs=6&rc=aWU5Ozc4NDczNmY0Ojo8ZEBpanNlNTM6ZnE4ZDMzODU8NEBiY2NiLi9hXi8xMWAvYS9jYSNfLm40cjRnY25gLS1kMS1zcw%3D%3D&l=20230403185650C91AFC04C90BC948A7B4&btag=80000&cc=13&ft=d2A~l-Inz7TdQpjfiyq8Z&download=true","2800000","assyrians","291.4M","616","#assyrian#assyrians#assyria#assyriantiktok#assyrianparty#assyrianwedding#assyrianmusic#assyriansong#assyriangirl#assyrianboy#assyrianflag#assyrianlanguage#assyrianbride#assyriangrom#assyrianland#assyriandad#assyrianmom#assyriantraditionalclothes#assyriantraditions#assyrianculture#assyrianlove#assyriancouple#assyrian_girl#assyrianlyrics#assyrianforlife#assyrianforever#اشوري#اشور#اشوريين#اشورية#اشوريه#اشوريين_سوريا_الحسكة#اشوريي_استراليا_سيدني#اشورية_بكل_فخر#اغاني_اشورية#رقص_اشوري#عرس_اشوري#تل_تمر#الحسكة#سوريا#عراق#لبنان","https://p16-sign-sg.tiktokcdn.com/obj/tos-alisg-p-0037/1594fece0df3446695e54f0c8ad79cdb_1658327620?x-expires=1680566400&x-signature=o%2FmmU264rXepW5m17ujj2pQf9h8%3D","720p","https://v16-webapp-prime.tiktok.com/video/tos/alisg/tos-alisg-pve-0037c001/e7de199e1cb4409b97e0b7b9a856e119/?a=1988&ch=0&cr=0&dr=0&lr=tiktok_m&cd=0%7C0%7C1%7C0&cv=1&br=3206&bt=1603&cs=0&ds=3&mime_type=video_mp4&qs=0&rc=ZTpoNGU3NjhnNjc7OjdnNEBpM2RlOGk6ZnM0ZTMzODczNEAwXy4wXzYtNjExYzBfYDEwYSMxYF5wcjRfLmBgLS1kMS1zcw%3D%3D&btag=80000&expire=1680569836&ft=-Csk_mH1PD12Nrc3YG-UxPRvmYKt3wv25.3Ap&l=20230403185650C91AFC04C90BC948A7B4&ply_type=2&policy=2&signature=7e1d74cd8979d690fe817f7f4edab7f4&tk=tt_chain_token","25","mp4","1024","https://v16-webapp-prime.tiktok.com/video/tos/alisg/tos-alisg-pve-0037c001/e7de199e1cb4409b97e0b7b9a856e119/?a=1988&ch=0&cr=0&dr=0&lr=tiktok_m&cd=0%7C0%7C1%7C0&cv=1&br=3206&bt=1603&cs=0&ds=3&mime_type=video_mp4&qs=0&rc=ZTpoNGU3NjhnNjc7OjdnNEBpM2RlOGk6ZnM0ZTMzODczNEAwXy4wXzYtNjExYzBfYDEwYSMxYF5wcjRfLmBgLS1kMS1zcw%3D%3D&btag=80000&expire=1680569836&ft=-Csk_mH1PD12Nrc3YG-UxPRvmYKt3wv25.3Ap&l=20230403185650C91AFC04C90BC948A7B4&ply_type=2&policy=2&signature=7e1d74cd8979d690fe817f7f4edab7f4&tk=tt_chain_token","576","https://www.tiktok.com/@ninos.2/video/7122462861263113473"
"https://p16-sign-va.tiktokcdn.com/tos-maliva-avt-0068/a809d958b78ec8a6a0f04309597db669~c5_720x720.jpeg?x-expires=1680717600&x-signature=1JVBYC6yiiM3A7%2FoFimJTWbEKZg%3D",,"14700","223000","601","8400000","6813533221193483270","ramina_rated","Ramina_Rated","false","","🧿
Let’s laugh together 🤎
Follow on IG 👆🏽
Inquiries 📧 raminarated@gmail.com","false","false","988","1097","1676418827","2023-02-14T23:53:47.000Z","87500",,,"","1663340013776901","assyriantiktok","","","1592238930108417","arabtiktok","From small business owners to cooks and style icons, here's to our thriving community of creators creating culture around the world. Here's to #ArabTikTok.","","129809","yasmeen","","","418124","assyrians","","","15959629","suryoyo","","","419235","chaldean","","","36537","persian","","","17335","fabulous","","","9017","rich","","","5424","funny","What's so #Funny?","","1606334392378370","comedy","","","1602251512220678","arabwomen","","https://p16-amd-va.tiktokcdn.com/obj/musically-maliva-obj/34aa5e5c6fcf52d3871c0cce834454b8.jpeg","10313","valentinesday","Show how you're celebrating love with special people in your life this #ValentinesDay!","","17466","spoiled","","","229207","fyp","","https://p16-sg.tiktokcdn.com/obj/tiktok-obj/14395673ac767c75a2f846113229ea95.png","1652484531221509","xyzbca","Asla bir sonraki hamleni bilmelerine izin verme! 👀",,,,,,,,,,,,,,,,,,,,,,,,,,,,,,,,,,,,,,,,,,,,,,,,,,,,,,,,,,,,,,,,,,,,,,,,,,,,,,,,,,,,,,,,,,,,,,,,,,,,,,,,,,,,,,,,,,,,,,,,,,,,,,,,,"7200164006965808426","false","false","US","https://v16-webapp-prime.tiktok.com/video/tos/maliva/tos-maliva-ve-0068c799-us/701e8f05e0624fea84647919ccbbfc8c/?a=1988&ch=0&cr=0&dr=0&lr=tiktok_m&cd=0%7C0%7C1%7C0&cv=1&br=1252&bt=626&cs=0&ds=3&mime_type=video_mp4&qs=0&rc=O2Y1N2g2PDw8NTY8NjY8Z0BpMzV0Zjk6Zm80aTMzZzczNEBjMGEwYjItXzExL15gLzIxYSNgY2ZycjRfbWpgLS1kMS9zcw%3D%3D&btag=80000&expire=1680569853&ft=-Csk_mH1PD12Nrc3YG-UxPRvmYKt3wv25.3Ap&l=20230403185650C91AFC04C90BC948A7B4&ply_type=2&policy=2&signature=edf07d8fe39a017d288487ef454e3957&tk=tt_chain_token",,,"https://p16-amd-va.tiktokcdn.com/img/tos-useast2a-v-2774/62bf2574268b488f8b0a7f8f2d1fcd70~c5_200x200.jpeg","3 Daqat","Abu & Yousra","7082104639927093250","3 Daqat","false","https://sf16-ies-music-va.tiktokcdn.com/obj/tos-useast2a-ve-2774/4c4496d02ce64a4c9c7ef04db0df105c","547100","assyrians","291.4M","4059","Basic Valentine’s Day for Yasmeen ✨ #assyriantiktok #arabtiktok #yasmeen #assyrians #suryoyo #chaldean #persian #fabulous #rich #funny #comedy #arabwomen #valentinesday #spoiled #fyp #xyzbca ","https://p16-sign.tiktokcdn-us.com/tos-useast5-p-0068-tx/c35cdbda63e7466788cb81ea4bec7673_1676418828~tplv-dmt-logom:tos-useast5-i-0068-tx/002f91d986494ee18dc7282a11bed365.image?x-expires=1680566400&x-signature=aslyCw6SwI9TNeSVRuQDWKe44gY%3D","720p","https://v16-webapp-prime.tiktok.com/video/tos/maliva/tos-maliva-ve-0068c799-us/701e8f05e0624fea84647919ccbbfc8c/?a=1988&ch=0&cr=0&dr=0&lr=tiktok_m&cd=0%7C0%7C1%7C0&cv=1&br=1252&bt=626&cs=0&ds=3&mime_type=video_mp4&qs=0&rc=O2Y1N2g2PDw8NTY8NjY8Z0BpMzV0Zjk6Zm80aTMzZzczNEBjMGEwYjItXzExL15gLzIxYSNgY2ZycjRfbWpgLS1kMS9zcw%3D%3D&btag=80000&expire=1680569853&ft=-Csk_mH1PD12Nrc3YG-UxPRvmYKt3wv25.3Ap&l=20230403185650C91AFC04C90BC948A7B4&ply_type=2&policy=2&signature=edf07d8fe39a017d288487ef454e3957&tk=tt_chain_token","42","mp4","1030","https://v16-webapp-prime.tiktok.com/video/tos/maliva/tos-maliva-ve-0068c799-us/701e8f05e0624fea84647919ccbbfc8c/?a=1988&ch=0&cr=0&dr=0&lr=tiktok_m&cd=0%7C0%7C1%7C0&cv=1&br=1252&bt=626&cs=0&ds=3&mime_type=video_mp4&qs=0&rc=O2Y1N2g2PDw8NTY8NjY8Z0BpMzV0Zjk6Zm80aTMzZzczNEBjMGEwYjItXzExL15gLzIxYSNgY2ZycjRfbWpgLS1kMS9zcw%3D%3D&btag=80000&expire=1680569853&ft=-Csk_mH1PD12Nrc3YG-UxPRvmYKt3wv25.3Ap&l=20230403185650C91AFC04C90BC948A7B4&ply_type=2&policy=2&signature=edf07d8fe39a017d288487ef454e3957&tk=tt_chain_token","576","https://www.tiktok.com/@ramina_rated/video/7200164006965808426"
"https://p16-sign-va.tiktokcdn.com/tos-maliva-avt-0068/a809d958b78ec8a6a0f04309597db669~c5_720x720.jpeg?x-expires=1680717600&x-signature=1JVBYC6yiiM3A7%2FoFimJTWbEKZg%3D",,"14700","223000","601","8400000","6813533221193483270","ramina_rated","Ramina_Rated","false","","🧿
Let’s laugh together 🤎
Follow on IG 👆🏽
Inquiries 📧 raminarated@gmail.com","false","false","988","1829","1627331359","2021-07-26T20:29:19.000Z","71400","263840","Green Screen","","1663340013776901","assyriantiktok","","","628349","assyrian","","","5424","funny","What's so #Funny?","","1592238930108417","arabtiktok","From small business owners to cooks and style icons, here's to our thriving community of creators creating culture around the world. Here's to #ArabTikTok.","","48136","middleeastern","","https://p16-sg.tiktokcdn.com/obj/tiktok-obj/14395673ac767c75a2f846113229ea95.png","1652484531221509","xyzbca","Asla bir sonraki hamleni bilmelerine izin verme! 👀","","153828","fy","","","65243","parati","","","418124","assyrians","","","7888","comedy","","","98501","aunties","",,,,,,,,,,,,,,,,,,,,,,,,,,,,,,,,,,,,,,,,,,,,,,,,,,,,,,,,,,,,,,,,,,,,,,,,,,,,,,,,,,,,,,,,,,,,,,,,,,,,,,,,,,,,,,,,,,,,,,,,,,,,,,,,,,,,,,,,,,,,,,,,,,,,,"6989334962956799238","false","false","US","https://v16-webapp-prime.tiktok.com/video/tos/useast2a/tos-useast2a-pve-0068/c3a018f1199e40ec80feb4dfce4d02bf/?a=1988&ch=0&cr=0&dr=0&lr=tiktok_m&cd=0%7C0%7C1%7C0&cv=1&br=2452&bt=1226&cs=0&ds=3&mime_type=video_mp4&qs=0&rc=OjdoZ2ZoODY8M2c1ODQzO0BpM2dyNzk6Zm9rNjMzNzczM0A1MjIwMC1hNjUxXzM1NTMzYSMzZTJjcjRnaXNgLS1kMTZzcw%3D%3D&btag=80000&expire=1680569860&ft=-Csk_mH1PD12Nrc3YG-UxPRvmYKt3wv25.3Ap&l=20230403185650C91AFC04C90BC948A7B4&ply_type=2&policy=2&signature=3e3c7983074cb93b0510488b517e0db2&tk=tt_chain_token",,,"https://p16-sign-va.tiktokcdn.com/tos-maliva-avt-0068/a809d958b78ec8a6a0f04309597db669~c5_720x720.jpeg?x-expires=1680717600&x-signature=1JVBYC6yiiM3A7%2FoFimJTWbEKZg%3D","","Ramina_Rated","6964441447605406470","original sound","true","https://v77.tiktokcdn.com/57b61817ecb31019ed0f874cb4cef6b5/642b75ea/video/tos/alisg/tos-alisg-v-27dcd7/8fcbe4e9e49348a2b29d19277996ef99/?a=1233&ch=0&cr=0&dr=0&er=2&cd=0%7C0%7C0%7C0&br=250&bt=125&mime_type=audio_mpeg&qs=6&rc=aWU5Ozc4NDczNmY0Ojo8ZEBpanNlNTM6ZnE4ZDMzODU8NEBiY2NiLi9hXi8xMWAvYS9jYSNfLm40cjRnY25gLS1kMS1zcw%3D%3D&l=20230403185650C91AFC04C90BC948A7B4&btag=80000&cc=13&ft=d2A~l-Inz7TdQpjfiyq8Z&download=true","554900","assyrians","291.4M","5147","😩🤣 #assyriantiktok #assyrian #funny #arabtiktok #middleeastern #xyzbca #ClearGenius #fy #parati #assyrians #comedy #aunties","https://p16-sign-va.tiktokcdn.com/tos-maliva-p-0068/d1acf09a4b5143dba72398749699efae_1627331362~tplv-dmt-logom:tos-maliva-p-0000/b11bf3f404a048b0a15235c1a2ac37f9.image?x-expires=1680566400&x-signature=ZZL4efTLIFjT9YHoMWIads1gCOk%3D","720p","https://v16-webapp-prime.tiktok.com/video/tos/useast2a/tos-useast2a-pve-0068/c3a018f1199e40ec80feb4dfce4d02bf/?a=1988&ch=0&cr=0&dr=0&lr=tiktok_m&cd=0%7C0%7C1%7C0&cv=1&br=2452&bt=1226&cs=0&ds=3&mime_type=video_mp4&qs=0&rc=OjdoZ2ZoODY8M2c1ODQzO0BpM2dyNzk6Zm9rNjMzNzczM0A1MjIwMC1hNjUxXzM1NTMzYSMzZTJjcjRnaXNgLS1kMTZzcw%3D%3D&btag=80000&expire=1680569860&ft=-Csk_mH1PD12Nrc3YG-UxPRvmYKt3wv25.3Ap&l=20230403185650C91AFC04C90BC948A7B4&ply_type=2&policy=2&signature=3e3c7983074cb93b0510488b517e0db2&tk=tt_chain_token","49","mp4","1024","https://v16-webapp-prime.tiktok.com/video/tos/useast2a/tos-useast2a-pve-0068/c3a018f1199e40ec80feb4dfce4d02bf/?a=1988&ch=0&cr=0&dr=0&lr=tiktok_m&cd=0%7C0%7C1%7C0&cv=1&br=2452&bt=1226&cs=0&ds=3&mime_type=video_mp4&qs=0&rc=OjdoZ2ZoODY8M2c1ODQzO0BpM2dyNzk6Zm9rNjMzNzczM0A1MjIwMC1hNjUxXzM1NTMzYSMzZTJjcjRnaXNgLS1kMTZzcw%3D%3D&btag=80000&expire=1680569860&ft=-Csk_mH1PD12Nrc3YG-UxPRvmYKt3wv25.3Ap&l=20230403185650C91AFC04C90BC948A7B4&ply_type=2&policy=2&signature=3e3c7983074cb93b0510488b517e0db2&tk=tt_chain_token","576","https://www.tiktok.com/@ramina_rated/video/6989334962956799238"
"https://p16-sign-sg.tiktokcdn.com/aweme/720x720/tos-alisg-avt-0068/508846ee0aa01367a7f4cc6e018efb94.jpeg?x-expires=1680717600&x-signature=zc1gG7%2Fj0JgsziVQt3Er9MbIr2w%3D",,"13700","138300","31","2700000","6815905540666590214","ninos.2","Assyrian","false","","❤️ Assyrian ❤️   اشوري وأفتخر 
للاعلان والدعايات ارسال رسالة الى الايميل .","false","false","731","212","1656032587","2022-06-24T01:03:07.000Z","69500",,,"","628349","assyrian","","","1663340013776901","assyriantiktok","","","418124","assyrians","","","1756481","assyria","","","55808371","assyriandance","","","1668107428974597","assyrianparty","","","10726866","assyrianwedding","","","3256891","assyrianmusic","","","44113753","assyriansong","","","1666205840710661","assyriansingers","","","15076050","assyriangirl","","","49378702","assyrianboy","","","1597841057162245","assyrianflag","","","1670754788162565","assyrianlanguage","","","1664390681860101","assyrianland","","","1699282573124609","assyrianbride","","","7106420413156032514","assyriangrom","","","1621280529289397","assyrianmom","","","1647597481881606","assyriandad","","","1644736058769414","assyrianparents","","","1662479376972806","assyriantraditions","","","1662479903352838","assyriantraditionalclothes","","","1611416564156421","اشوري","","","1667670264813573","اشوريين","","","1622252011123718","اشور","","","1664801737725958","اشوريه","","","1632341673566214","اشورية","","","1662390157445125","اغاني_اشورية","","","1682576318475265","رقص_اشوري","","","1696628233702406","عرس_اشوري","","","1685987383928833","اشوريين_سوريا_الحسكة","","","7003716087321722882","اشوريي_استراليا_سيدني","",,,,,,,,,,,,,,,,,,,,,,,,,,,,,,,,,,,,,,,,,,,,,,,,,,,,,,,,,,,,,,,,,"7112605729617415425","false","false","AU","https://v16-webapp-prime.tiktok.com/video/tos/alisg/tos-alisg-pve-0037c001/f44eed64f57740eb952490abe34c4591/?a=1988&ch=0&cr=0&dr=0&lr=tiktok_m&cd=0%7C0%7C1%7C0&cv=1&br=2288&bt=1144&cs=0&ds=3&mime_type=video_mp4&qs=0&rc=NGZmOzU8M2U1N2RpZTo2ZUBpamVxaTs6ZnVqZDMzODczNEBjLjU0MzMwNmExYF9hNmNfYSNqZTZncjRvbG5gLS1kMS1zcw%3D%3D&btag=80000&expire=1680569845&ft=-Csk_mH1PD12Nrc3YG-UxPRvmYKt3wv25.3Ap&l=20230403185650C91AFC04C90BC948A7B4&ply_type=2&policy=2&signature=5f0b4af8c08a1d95f179b8b19625b5e5&tk=tt_chain_token",,,"https://p16-sign-sg.tiktokcdn.com/aweme/720x720/tos-alisg-avt-0068/508846ee0aa01367a7f4cc6e018efb94.jpeg?x-expires=1680717600&x-signature=zc1gG7%2Fj0JgsziVQt3Er9MbIr2w%3D","","Assyrian","7112605767462652674","original sound","true","https://v77.tiktokcdn.com/57b61817ecb31019ed0f874cb4cef6b5/642b75ea/video/tos/alisg/tos-alisg-v-27dcd7/8fcbe4e9e49348a2b29d19277996ef99/?a=1233&ch=0&cr=0&dr=0&er=2&cd=0%7C0%7C0%7C0&br=250&bt=125&mime_type=audio_mpeg&qs=6&rc=aWU5Ozc4NDczNmY0Ojo8ZEBpanNlNTM6ZnE4ZDMzODU8NEBiY2NiLi9hXi8xMWAvYS9jYSNfLm40cjRnY25gLS1kMS1zcw%3D%3D&l=20230403185650C91AFC04C90BC948A7B4&btag=80000&cc=13&ft=d2A~l-Inz7TdQpjfiyq8Z&download=true","2200000","assyrians","291.4M","223","#assyrian#assyriantiktok#assyrians#assyria#assyriandance#assyrianparty#assyrianwedding#assyrianmusic#assyriansong#assyriansingers#assyriangirl#assyrianboy#assyrianflag#assyrianlanguage#assyrianland#assyrianbride#assyriangrom#assyrianmom#assyriandad#assyrianparents#assyriantraditions#assyriantraditionalclothes#اشوري#اشوريين#اشور#اشوريه#اشورية#اغاني_اشورية #رقص_اشوري #عرس_اشوري #اشوريين_سوريا_الحسكة #اشوريي_استراليا_سيدني","https://p16-sign-sg.tiktokcdn.com/obj/tos-alisg-p-0037/1496e4f0b9e349a1a8b1e4c5ea4354a0_1656032589?x-expires=1680566400&x-signature=2sEU0Tbx4smaOunpGFx7fVRDJ8g%3D","720p","https://v16-webapp-prime.tiktok.com/video/tos/alisg/tos-alisg-pve-0037c001/f44eed64f57740eb952490abe34c4591/?a=1988&ch=0&cr=0&dr=0&lr=tiktok_m&cd=0%7C0%7C1%7C0&cv=1&br=2288&bt=1144&cs=0&ds=3&mime_type=video_mp4&qs=0&rc=NGZmOzU8M2U1N2RpZTo2ZUBpamVxaTs6ZnVqZDMzODczNEBjLjU0MzMwNmExYF9hNmNfYSNqZTZncjRvbG5gLS1kMS1zcw%3D%3D&btag=80000&expire=1680569845&ft=-Csk_mH1PD12Nrc3YG-UxPRvmYKt3wv25.3Ap&l=20230403185650C91AFC04C90BC948A7B4&ply_type=2&policy=2&signature=5f0b4af8c08a1d95f179b8b19625b5e5&tk=tt_chain_token","34","mp4","1024","https://v16-webapp-prime.tiktok.com/video/tos/alisg/tos-alisg-pve-0037c001/f44eed64f57740eb952490abe34c4591/?a=1988&ch=0&cr=0&dr=0&lr=tiktok_m&cd=0%7C0%7C1%7C0&cv=1&br=2288&bt=1144&cs=0&ds=3&mime_type=video_mp4&qs=0&rc=NGZmOzU8M2U1N2RpZTo2ZUBpamVxaTs6ZnVqZDMzODczNEBjLjU0MzMwNmExYF9hNmNfYSNqZTZncjRvbG5gLS1kMS1zcw%3D%3D&btag=80000&expire=1680569845&ft=-Csk_mH1PD12Nrc3YG-UxPRvmYKt3wv25.3Ap&l=20230403185650C91AFC04C90BC948A7B4&ply_type=2&policy=2&signature=5f0b4af8c08a1d95f179b8b19625b5e5&tk=tt_chain_token","576","https://www.tiktok.com/@ninos.2/video/7112605729617415425"
"https://p16-sign-va.tiktokcdn.com/tos-maliva-avt-0068/a9818ba31e53680237b5192d5a96fe1c~c5_720x720.jpeg?x-expires=1680717600&x-signature=235aDVKr5qGrEtCKA%2Bnldr1OhKU%3D",,"1104","6407","712","142200","6809207522395702278","assurkingsentertainment","assurkings","false","","“A World Of Entertainment”
Drummers - DJ - MC - Dancers - Event Promoters","false","false","72","688","1668997390","2022-11-21T02:23:10.000Z","62500",,,"","229207","fyp","","","42164","foryou","","","88764338","foryoupage","","","1658693497774085","assurkings","","","628349","assyrian","","","418124","assyrians","","","62246","samoa","","","1649430722531334","samoatiktok","","","80900","samoan","","","85133","viralvideo","","","5435","musicvideo","","","364353","traditional","","","48136","middleeastern","","","92050","drumming","","","5153","culture","","https://p16-amd-va.tiktokcdn.com/obj/musically-maliva-obj/6b1db1d38f42c9b6fbc5111028ec889f","6958","wedding","","","1603499833847809","weddingtiktok","","","1615278716774406","khomala","","","54082","sydney","","","85162","australia","From places to people, show us what makes up #Australia.","","5572466","multicultural","","","1646641384752133","multiculturalfamily","",,,,,,,,,,,,,,,,,,,,,,,,,,,,,,,,,,,,,,,,,,,,,,,,,,,,,,,,,,,,,,,,,,,,,,,,,,,,,,,,,,,,,,,,,,,,,,,,,,,,,,,,,"7168289009448291585","false","false","AU","https://v16-webapp-prime.tiktok.com/video/tos/alisg/tos-alisg-pve-0037c001/okLjnDAVQWGgK2IooC1L1g8x89EvwDbbe9Aef2/?a=1988&ch=0&cr=0&dr=0&lr=tiktok_m&cd=0%7C0%7C1%7C0&cv=1&br=4644&bt=2322&cs=0&ds=3&mime_type=video_mp4&qs=0&rc=OWQzPDMzOzg2aTtnZGU0OUBpM3RkcWk6ZndnZzMzODczNEBgYDQuXzItXmExMTYzMy5fYSNlXmUycjRnc3FgLS1kMS1zcw%3D%3D&btag=80000&expire=1680569897&ft=-Csk_mH1PD12Nrc3YG-UxPRvmYKt3wv25.3Ap&l=20230403185650C91AFC04C90BC948A7B4&ply_type=2&policy=2&signature=de928ed50f5a0ec0f14478476b8472f1&tk=tt_chain_token","@edenvenues","@pixelmediaau","https://p16-sign-va.tiktokcdn.com/tos-maliva-avt-0068/a9818ba31e53680237b5192d5a96fe1c~c5_720x720.jpeg?x-expires=1680717600&x-signature=235aDVKr5qGrEtCKA%2Bnldr1OhKU%3D","","assurkings","7168289167586216705","original sound","true","https://v77.tiktokcdn.com/57b61817ecb31019ed0f874cb4cef6b5/642b75ea/video/tos/alisg/tos-alisg-v-27dcd7/8fcbe4e9e49348a2b29d19277996ef99/?a=1233&ch=0&cr=0&dr=0&er=2&cd=0%7C0%7C0%7C0&br=250&bt=125&mime_type=audio_mpeg&qs=6&rc=aWU5Ozc4NDczNmY0Ojo8ZEBpanNlNTM6ZnE4ZDMzODU8NEBiY2NiLi9hXi8xMWAvYS9jYSNfLm40cjRnY25gLS1kMS1zcw%3D%3D&l=20230403185650C91AFC04C90BC948A7B4&btag=80000&cc=13&ft=d2A~l-Inz7TdQpjfiyq8Z&download=true","605400","assyrians","291.4M","1520","This is what happens when you have Assyrians & Samoans in the same place! Sneak peek of the wedding entrance of amazing couple Conway & Bianca Esera performed by Assur Kings Entertainment. Stay tuned for more! 🇼🇸🇼🇸🇼🇸💙🤍❤️🤟🔥🔥🔥#fyp #foryou #foryoupage #assurkings #assyrian #assyrians #samoa #samoatiktok #samoan #viralvideo #musicvideo #traditional #middleeastern #drumming #culture #wedding #weddingtiktok #khomala #sydney #australia #multicultural #multiculturalfamily @edenvenues @pixelmediaau ","https://p16-sign-sg.tiktokcdn.com/obj/tos-alisg-p-0037/owK6fGeWD3AbA8OhlBgEHAD4a2N9CineIIQbja?x-expires=1680566400&x-signature=7Z8Qnjt34bslMqlTfTxykQbKMf0%3D","720p","https://v16-webapp-prime.tiktok.com/video/tos/alisg/tos-alisg-pve-0037c001/okLjnDAVQWGgK2IooC1L1g8x89EvwDbbe9Aef2/?a=1988&ch=0&cr=0&dr=0&lr=tiktok_m&cd=0%7C0%7C1%7C0&cv=1&br=4644&bt=2322&cs=0&ds=3&mime_type=video_mp4&qs=0&rc=OWQzPDMzOzg2aTtnZGU0OUBpM3RkcWk6ZndnZzMzODczNEBgYDQuXzItXmExMTYzMy5fYSNlXmUycjRnc3FgLS1kMS1zcw%3D%3D&btag=80000&expire=1680569897&ft=-Csk_mH1PD12Nrc3YG-UxPRvmYKt3wv25.3Ap&l=20230403185650C91AFC04C90BC948A7B4&ply_type=2&policy=2&signature=de928ed50f5a0ec0f14478476b8472f1&tk=tt_chain_token","86","mp4","576","https://v16-webapp-prime.tiktok.com/video/tos/alisg/tos-alisg-pve-0037c001/okLjnDAVQWGgK2IooC1L1g8x89EvwDbbe9Aef2/?a=1988&ch=0&cr=0&dr=0&lr=tiktok_m&cd=0%7C0%7C1%7C0&cv=1&br=4644&bt=2322&cs=0&ds=3&mime_type=video_mp4&qs=0&rc=OWQzPDMzOzg2aTtnZGU0OUBpM3RkcWk6ZndnZzMzODczNEBgYDQuXzItXmExMTYzMy5fYSNlXmUycjRnc3FgLS1kMS1zcw%3D%3D&btag=80000&expire=1680569897&ft=-Csk_mH1PD12Nrc3YG-UxPRvmYKt3wv25.3Ap&l=20230403185650C91AFC04C90BC948A7B4&ply_type=2&policy=2&signature=de928ed50f5a0ec0f14478476b8472f1&tk=tt_chain_token","1024","https://www.tiktok.com/@assurkingsentertainment/video/7168289009448291585"
"https://p16-sign-va.tiktokcdn.com/tos-maliva-avt-0068/a809d958b78ec8a6a0f04309597db669~c5_720x720.jpeg?x-expires=1680717600&x-signature=1JVBYC6yiiM3A7%2FoFimJTWbEKZg%3D",,"14700","223000","601","8400000","6813533221193483270","ramina_rated","Ramina_Rated","false","","🧿
Let’s laugh together 🤎
Follow on IG 👆🏽
Inquiries 📧 raminarated@gmail.com","false","false","988","683","1660416939","2022-08-13T18:55:39.000Z","58800",,,"","1663340013776901","assyriantiktok","","","1592238930108417","arabtiktok","From small business owners to cooks and style icons, here's to our thriving community of creators creating culture around the world. Here's to #ArabTikTok.","","48136","middleeastern","","","628349","assyrian","","","418124","assyrians","","","15959629","suryoyo","","","10645451","suryoye","","","419235","chaldean","","","1621280529289397","assyrianmom","","","1652134213897222","middleeasterntiktok","","","363223","iraqi","","","2492897","syrian","","","104547","lebanese","","","413487","ethnic","","","1657911952568326","immigrantmom","","","70686","facialexpressions","","","229207","fyp","","https://p16-sg.tiktokcdn.com/obj/tiktok-obj/14395673ac767c75a2f846113229ea95.png","1652484531221509","xyzbca","Asla bir sonraki hamleni bilmelerine izin verme! 👀",,,,,,,,,,,,,,,,,,,,,,,,,,,,,,,,,,,,,,,,,,,,,,,,,,,,,,,,,,,,,,,,,,,,,,,,,,,,,,,,,,,,,,,,,,,,,,,,,,,,,,,,,,,,,,,,,,,,,,,,,"7131436438964407598","false","false","US","https://v16-webapp-prime.tiktok.com/video/tos/maliva/tos-maliva-ve-0068c799-us/8d2282f316ce42de8411e0a5eff51bcf/?a=1988&ch=0&cr=0&dr=0&lr=tiktok_m&cd=0%7C0%7C1%7C0&cv=1&br=3224&bt=1612&cs=0&ds=3&mime_type=video_mp4&qs=0&rc=ZTk5aGhmNmVnOzc4NDc1PEBpM2w5dzQ6Zm14ZTMzZzczNEA0XjYzMF8wXl4xYDY1YS0zYSNfNjNwcjRnc29gLS1kMS9zcw%3D%3D&btag=80000&expire=1680569870&ft=-Csk_mH1PD12Nrc3YG-UxPRvmYKt3wv25.3Ap&l=20230403185650C91AFC04C90BC948A7B4&ply_type=2&policy=2&signature=ebd65a0f1b8f9fa61d85606234afd4d7&tk=tt_chain_token",,,"https://p16-amd-va.tiktokcdn.com/img/tos-useast2a-v-2774/6e9e7fd74aeb4bdaa378dd93ef83f88a~c5_200x200.jpeg","الف ليلة وليلة","ام كلثوم","7012634913010616321","الف ليله و ليله","false","https://sf16-ies-music-va.tiktokcdn.com/obj/tos-useast2a-ve-2774/2d683fae5f3f44c88a14cc5c55bff8fb","376300","assyrians","291.4M","1315","game over when they bite their finger😩 #assyriantiktok #arabtiktok #middleeastern #assyrian #assyrians #suryoyo #suryoye #chaldean #assyrianmom #middleeasterntiktok #iraqi #syrian #lebanese #ethnic #immigrantmom #facialexpressions #fyp #xyzbca","https://p16-sign.tiktokcdn-us.com/obj/tos-useast5-p-0068-tx/33fb946b76de4ff8925f9c1d0817e42b?x-expires=1680566400&x-signature=Fa8u3Fr6RBRy%2B4KclwzPpF9VCEs%3D","720p","https://v16-webapp-prime.tiktok.com/video/tos/maliva/tos-maliva-ve-0068c799-us/8d2282f316ce42de8411e0a5eff51bcf/?a=1988&ch=0&cr=0&dr=0&lr=tiktok_m&cd=0%7C0%7C1%7C0&cv=1&br=3224&bt=1612&cs=0&ds=3&mime_type=video_mp4&qs=0&rc=ZTk5aGhmNmVnOzc4NDc1PEBpM2w5dzQ6Zm14ZTMzZzczNEA0XjYzMF8wXl4xYDY1YS0zYSNfNjNwcjRnc29gLS1kMS9zcw%3D%3D&btag=80000&expire=1680569870&ft=-Csk_mH1PD12Nrc3YG-UxPRvmYKt3wv25.3Ap&l=20230403185650C91AFC04C90BC948A7B4&ply_type=2&policy=2&signature=ebd65a0f1b8f9fa61d85606234afd4d7&tk=tt_chain_token","59","mp4","1034","https://v16-webapp-prime.tiktok.com/video/tos/maliva/tos-maliva-ve-0068c799-us/8d2282f316ce42de8411e0a5eff51bcf/?a=1988&ch=0&cr=0&dr=0&lr=tiktok_m&cd=0%7C0%7C1%7C0&cv=1&br=3224&bt=1612&cs=0&ds=3&mime_type=video_mp4&qs=0&rc=ZTk5aGhmNmVnOzc4NDc1PEBpM2w5dzQ6Zm14ZTMzZzczNEA0XjYzMF8wXl4xYDY1YS0zYSNfNjNwcjRnc29gLS1kMS9zcw%3D%3D&btag=80000&expire=1680569870&ft=-Csk_mH1PD12Nrc3YG-UxPRvmYKt3wv25.3Ap&l=20230403185650C91AFC04C90BC948A7B4&ply_type=2&policy=2&signature=ebd65a0f1b8f9fa61d85606234afd4d7&tk=tt_chain_token","576","https://www.tiktok.com/@ramina_rated/video/7131436438964407598"
"https://p16-sign-sg.tiktokcdn.com/aweme/720x720/tos-alisg-avt-0068/508846ee0aa01367a7f4cc6e018efb94.jpeg?x-expires=1680717600&x-signature=zc1gG7%2Fj0JgsziVQt3Er9MbIr2w%3D",,"13700","138300","31","2700000","6815905540666590214","ninos.2","Assyrian","false","","❤️ Assyrian ❤️   اشوري وأفتخر 
للاعلان والدعايات ارسال رسالة الى الايميل .","false","false","731","446","1656463719","2022-06-29T00:48:39.000Z","111500",,,"","628349","assyrian","","","17031","armenia","","","418124","assyrians","","","1663340013776901","assyriantiktok","","","1756481","assyria","","","1668107428974597","assyrianparty","","","10726866","assyrianwedding","","","3256891","assyrianmusic","","","44113753","assyriansong","","","1663433591615493","assyriansongs","","","1666205840710661","assyriansingers","","","15076050","assyriangirl","","","49378702","assyrianboy","","","49378702","assyrianboy","","","1597841057162245","assyrianflag","","","1670754788162565","assyrianlanguage","","","1664390681860101","assyrianland","","","1699282573124609","assyrianbride","","","7106420413156032514","assyriangrom","","","1647597481881606","assyriandad","","","1644736058769414","assyrianparents","","","1667418889684998","assyriankids","","","1662479903352838","assyriantraditionalclothes","","","1662479376972806","assyriantraditions","","","1659875834611717","assyrianculture","","","1673405231820806","assyrianempire","","","1660501828911109","assyrianpeople","","","1678614648090630","assyrianpoem","","","1611416564156421","اشوري","","","1667670264813573","اشوريين","","","1622252011123718","اشور","","","1664801737725958","اشوريه","","","1632341673566214","اشورية","","","1662390157445125","اغاني_اشورية","","","1682576318475265","رقص_اشوري","","","1696628233702406","عرس_اشوري","","","1685987383928833","اشوريين_سوريا_الحسكة","","","1663832130890773","assyrian_songs","",,,,,,,,,,,,,,,,,,,,,,,,,,,,,,,,,,,,,,,,,"7114457474786184450","false","false","AU","https://v16-webapp-prime.tiktok.com/video/tos/alisg/tos-alisg-pve-0037c001/ef2e508b8c4b4c9ea23f7f757c29d951/?a=1988&ch=0&cr=0&dr=0&lr=tiktok_m&cd=0%7C0%7C1%7C0&cv=1&br=1930&bt=965&cs=0&ds=3&mime_type=video_mp4&qs=0&rc=NjY6NjpnZjRkMzQzZTk4O0BpMzNlPGQ6Zjx0ZDMzODczNEAzLWBhMF5gNjMxLmIyLS41YSNnNW5jcjRfLXFgLS1kMS1zcw%3D%3D&btag=80000&expire=1680569853&ft=-Csk_mH1PD12Nrc3YG-UxPRvmYKt3wv25.3Ap&l=20230403185650C91AFC04C90BC948A7B4&ply_type=2&policy=2&signature=2e9303f9c5eb5d1ad275d9f0fe5dd365&tk=tt_chain_token",,,"https://p16-sign-sg.tiktokcdn.com/aweme/720x720/tos-alisg-avt-0068/508846ee0aa01367a7f4cc6e018efb94.jpeg?x-expires=1680717600&x-signature=zc1gG7%2Fj0JgsziVQt3Er9MbIr2w%3D","","Assyrian","7112406292895238914","original sound","true","https://v77.tiktokcdn.com/57b61817ecb31019ed0f874cb4cef6b5/642b75ea/video/tos/alisg/tos-alisg-v-27dcd7/8fcbe4e9e49348a2b29d19277996ef99/?a=1233&ch=0&cr=0&dr=0&er=2&cd=0%7C0%7C0%7C0&br=250&bt=125&mime_type=audio_mpeg&qs=6&rc=aWU5Ozc4NDczNmY0Ojo8ZEBpanNlNTM6ZnE4ZDMzODU8NEBiY2NiLi9hXi8xMWAvYS9jYSNfLm40cjRnY25gLS1kMS1zcw%3D%3D&l=20230403185650C91AFC04C90BC948A7B4&btag=80000&cc=13&ft=d2A~l-Inz7TdQpjfiyq8Z&download=true","4300000","assyrians","291.4M","488","#assyrian#armenia#assyrians#assyriantiktok#assyria#assyrianparty#assyrianwedding#assyrianmusic#assyriansong#assyriansongs#assyriansingers#assyriangirl#assyrianboy#assyrianboy#assyrianflag#assyrianlanguage#assyrianland#assyrianbride#assyriangrom#assyriandad#assyrianparents#assyriankids#assyriantraditionalclothes#assyriantraditions#assyrianculture#assyrianempire#assyrianpeople#assyrianpoem l#اشوري#اشوريين#اشور#اشوريه#اشورية#اغاني_اشورية #رقص_اشوري #عرس_اشوري #اشوريين_سوريا_الحسكة #assyrian_songs","https://p16-sign-sg.tiktokcdn.com/obj/tos-alisg-p-0037/1e11059d8e774ebcba4441a361520660_1656463721?x-expires=1680566400&x-signature=HowJvdvdnurvX4pW%2B9zHAB4dvtc%3D","720p","https://v16-webapp-prime.tiktok.com/video/tos/alisg/tos-alisg-pve-0037c001/ef2e508b8c4b4c9ea23f7f757c29d951/?a=1988&ch=0&cr=0&dr=0&lr=tiktok_m&cd=0%7C0%7C1%7C0&cv=1&br=1930&bt=965&cs=0&ds=3&mime_type=video_mp4&qs=0&rc=NjY6NjpnZjRkMzQzZTk4O0BpMzNlPGQ6Zjx0ZDMzODczNEAzLWBhMF5gNjMxLmIyLS41YSNnNW5jcjRfLXFgLS1kMS1zcw%3D%3D&btag=80000&expire=1680569853&ft=-Csk_mH1PD12Nrc3YG-UxPRvmYKt3wv25.3Ap&l=20230403185650C91AFC04C90BC948A7B4&ply_type=2&policy=2&signature=2e9303f9c5eb5d1ad275d9f0fe5dd365&tk=tt_chain_token","42","mp4","1024","https://v16-webapp-prime.tiktok.com/video/tos/alisg/tos-alisg-pve-0037c001/ef2e508b8c4b4c9ea23f7f757c29d951/?a=1988&ch=0&cr=0&dr=0&lr=tiktok_m&cd=0%7C0%7C1%7C0&cv=1&br=1930&bt=965&cs=0&ds=3&mime_type=video_mp4&qs=0&rc=NjY6NjpnZjRkMzQzZTk4O0BpMzNlPGQ6Zjx0ZDMzODczNEAzLWBhMF5gNjMxLmIyLS41YSNnNW5jcjRfLXFgLS1kMS1zcw%3D%3D&btag=80000&expire=1680569853&ft=-Csk_mH1PD12Nrc3YG-UxPRvmYKt3wv25.3Ap&l=20230403185650C91AFC04C90BC948A7B4&ply_type=2&policy=2&signature=2e9303f9c5eb5d1ad275d9f0fe5dd365&tk=tt_chain_token","576","https://www.tiktok.com/@ninos.2/video/7114457474786184450"
"https://p16-sign-va.tiktokcdn.com/tos-maliva-avt-0068/a809d958b78ec8a6a0f04309597db669~c5_720x720.jpeg?x-expires=1680717600&x-signature=1JVBYC6yiiM3A7%2FoFimJTWbEKZg%3D",,"14700","223000","601","8400000","6813533221193483270","ramina_rated","Ramina_Rated","false","","🧿
Let’s laugh together 🤎
Follow on IG 👆🏽
Inquiries 📧 raminarated@gmail.com","false","false","988","354","1659498672","2022-08-03T03:51:12.000Z","55000",,,"","1663340013776901","assyriantiktok","","","48136","middleeastern","","","1592238930108417","arabtiktok","From small business owners to cooks and style icons, here's to our thriving community of creators creating culture around the world. Here's to #ArabTikTok.","","628349","assyrian","","","418124","assyrians","","","15959629","suryoyo","","","419235","chaldean","","","18717910","chaldeans","","","104547","lebanese","","","1622380531859461","lebanesetiktok","","","363223","iraqi","","","2492897","syrian","","https://p16-sg.tiktokcdn.com/obj/tiktok-obj/14395673ac767c75a2f846113229ea95.png","1652484531221509","xyzbca","Asla bir sonraki hamleni bilmelerine izin verme! 👀","","229207","fyp","","","15341462","differenttypesofdancers","","","6888","relatable","Tell us about things you find #Relatable",,,,,,,,,,,,,,,,,,,,,,,,,,,,,,,,,,,,,,,,,,,,,,,,,,,,,,,,,,,,,,,,,,,,,,,,,,,,,,,,,,,,,,,,,,,,,,,,,,,,,,,,,,,,,,,,,,,,,,,,,,,,,,,,,"7127492510922067246","false","false","US","https://v16-webapp-prime.tiktok.com/video/tos/maliva/tos-maliva-ve-0068c799-us/e163ab0fb7a0485dbe1a464b56d15035/?a=1988&ch=0&cr=0&dr=0&lr=tiktok_m&cd=0%7C0%7C1%7C0&cv=1&br=3280&bt=1640&cs=0&ds=3&mime_type=video_mp4&qs=0&rc=PDg8ODo3ODY6Zjs0MztkNUBpMzRwM2U6ZnF4ZTMzZzczNEBjMjVjNmMuNjAxLjIxYl8wYSNiXnM2cjRfZGhgLS1kMS9zcw%3D%3D&btag=80000&expire=1680569852&ft=-Csk_mH1PD12Nrc3YG-UxPRvmYKt3wv25.3Ap&l=20230403185650C91AFC04C90BC948A7B4&ply_type=2&policy=2&signature=61c46afaf8dc6a8342fb32de66c20c29&tk=tt_chain_token","@oymaboutique",,"https://p16-sign-va.tiktokcdn.com/tos-maliva-avt-0068/a809d958b78ec8a6a0f04309597db669~c5_720x720.jpeg?x-expires=1680717600&x-signature=1JVBYC6yiiM3A7%2FoFimJTWbEKZg%3D","","Ramina_Rated","7046532256294259461","original sound","true","https://v77.tiktokcdn.com/57b61817ecb31019ed0f874cb4cef6b5/642b75ea/video/tos/alisg/tos-alisg-v-27dcd7/8fcbe4e9e49348a2b29d19277996ef99/?a=1233&ch=0&cr=0&dr=0&er=2&cd=0%7C0%7C0%7C0&br=250&bt=125&mime_type=audio_mpeg&qs=6&rc=aWU5Ozc4NDczNmY0Ojo8ZEBpanNlNTM6ZnE4ZDMzODU8NEBiY2NiLi9hXi8xMWAvYS9jYSNfLm40cjRnY25gLS1kMS1zcw%3D%3D&l=20230403185650C91AFC04C90BC948A7B4&btag=80000&cc=13&ft=d2A~l-Inz7TdQpjfiyq8Z&download=true","419900","assyrians","291.4M","900","Middle Eastern edition 🤣 stunning dresses from @oymaboutique #assyriantiktok #middleeastern #arabtiktok #assyrian #assyrians #suryoyo #chaldean #chaldeans #lebanese #lebanesetiktok #iraqi #syrian #ReTokforNature #xyzbca #fyp #differenttypesofdancers #relatable","https://p16-sign.tiktokcdn-us.com/obj/tos-useast5-p-0068-tx/eecb41f355a44b62ab0ce22e5ba9fe15_1659498676?x-expires=1680566400&x-signature=zUBcUg1O5pi%2BpAGELsQ20By61bc%3D","720p","https://v16-webapp-prime.tiktok.com/video/tos/maliva/tos-maliva-ve-0068c799-us/e163ab0fb7a0485dbe1a464b56d15035/?a=1988&ch=0&cr=0&dr=0&lr=tiktok_m&cd=0%7C0%7C1%7C0&cv=1&br=3280&bt=1640&cs=0&ds=3&mime_type=video_mp4&qs=0&rc=PDg8ODo3ODY6Zjs0MztkNUBpMzRwM2U6ZnF4ZTMzZzczNEBjMjVjNmMuNjAxLjIxYl8wYSNiXnM2cjRfZGhgLS1kMS9zcw%3D%3D&btag=80000&expire=1680569852&ft=-Csk_mH1PD12Nrc3YG-UxPRvmYKt3wv25.3Ap&l=20230403185650C91AFC04C90BC948A7B4&ply_type=2&policy=2&signature=61c46afaf8dc6a8342fb32de66c20c29&tk=tt_chain_token","41","mp4","1024","https://v16-webapp-prime.tiktok.com/video/tos/maliva/tos-maliva-ve-0068c799-us/e163ab0fb7a0485dbe1a464b56d15035/?a=1988&ch=0&cr=0&dr=0&lr=tiktok_m&cd=0%7C0%7C1%7C0&cv=1&br=3280&bt=1640&cs=0&ds=3&mime_type=video_mp4&qs=0&rc=PDg8ODo3ODY6Zjs0MztkNUBpMzRwM2U6ZnF4ZTMzZzczNEBjMjVjNmMuNjAxLjIxYl8wYSNiXnM2cjRfZGhgLS1kMS9zcw%3D%3D&btag=80000&expire=1680569852&ft=-Csk_mH1PD12Nrc3YG-UxPRvmYKt3wv25.3Ap&l=20230403185650C91AFC04C90BC948A7B4&ply_type=2&policy=2&signature=61c46afaf8dc6a8342fb32de66c20c29&tk=tt_chain_token","576","https://www.tiktok.com/@ramina_rated/video/7127492510922067246"
"https://p16-sign-sg.tiktokcdn.com/aweme/720x720/tos-alisg-avt-0068/c2bf87222f8aa0db1e2e9f79806e0756.jpeg?x-expires=1680717600&x-signature=wjKcQWMHMt9z2SYrciwTWW8otRQ%3D",,"15100","23600","379","615300","6746688414025794566","unitedassyria","unitedassyria","false","","Indigenous to Mesopotamia 
We speak Jesus Christs language ✝️
Assyria will rise","false","false","201","504","1676691262","2023-02-18T03:34:22.000Z","53400",,,"","229207","fyp","","","42164","foryou","","","1598498371111942","foryourpage","","","1637342470396934","fypシ","","","628349","assyrian","","","1756481","assyria","","","1663340013776901","assyriantiktok","","","2977934","mesopotamia","","","419235","chaldean","","","418124","assyrians","","","18717910","chaldeans","","","1666064780038150","chaldeantiktok","","","71353920","syriac","","","2151681","suraya","","","10645451","suryoye","","","9481573","aramaic","","","1666960726225941","freeassyria","","","2535313","nineveh","","","1706760306087946","ninevehplains","","","1688255537639425","dashtadnineveh","",,,,,,,,,,,,,,,,,,,,,,,,,,,,,,,,,,,,,,,,,,,,,,,,,,,,,,,,,,,,,,,,,,,,,,,,,,,,,,,,,,,,,,,,,,,,,,,,,,,,,,,,,,,,,,,,,"7201334087716474114","false","false","AU","https://v16-webapp-prime.tiktok.com/video/tos/alisg/tos-alisg-pve-0037c001/ow3D9jNoQGPEQF8BpgznbBORXbAeR6Egyqfjoj/?a=1988&ch=0&cr=0&dr=0&lr=tiktok_m&cd=0%7C0%7C1%7C0&cv=1&br=938&bt=469&cs=0&ds=3&mime_type=video_mp4&qs=0&rc=ZjNkaDo4NjM8PGY6NGdmOkBpam50bjo6ZnA3aTMzODczNEA1Nl42X2E0NV8xXjUwNC81YSNnYWNlcjRvX2xgLS1kMS1zcw%3D%3D&btag=80000&expire=1680569820&ft=-Csk_mH1PD12Nrc3YG-UxPRvmYKt3wv25.3Ap&l=20230403185650C91AFC04C90BC948A7B4&ply_type=2&policy=2&signature=8a9ecef8f3993f19551bed63d2778fdd&tk=tt_chain_token",,,"https://p16-sign-va.tiktokcdn.com/tos-maliva-avt-0068/65b262042527d6a6f39973a01c133eb1~c5_720x720.jpeg?x-expires=1680717600&x-signature=nYjqWCwtSQ5GdRTnapFYsZLmVx4%3D","","🏴‍☠️ Ｒａｉｄｅｒｓ 🏴‍☠️","7154785365650328362","original sound","true","https://v77.tiktokcdn.com/57b61817ecb31019ed0f874cb4cef6b5/642b75ea/video/tos/alisg/tos-alisg-v-27dcd7/8fcbe4e9e49348a2b29d19277996ef99/?a=1233&ch=0&cr=0&dr=0&er=2&cd=0%7C0%7C0%7C0&br=250&bt=125&mime_type=audio_mpeg&qs=6&rc=aWU5Ozc4NDczNmY0Ojo8ZEBpanNlNTM6ZnE4ZDMzODU8NEBiY2NiLi9hXi8xMWAvYS9jYSNfLm40cjRnY25gLS1kMS1zcw%3D%3D&l=20230403185650C91AFC04C90BC948A7B4&btag=80000&cc=13&ft=d2A~l-Inz7TdQpjfiyq8Z&download=true","508800","assyrians","291.4M","133","British leader advising hes troops to be courteous, look how that turned out 💀 #fyp #foryou #foryourpage #fypシ #assyrian #assyria #assyriantiktok #mesopotamia #chaldean #assyrians #chaldeans #chaldeantiktok #syriac #suraya #suryoye #aramaic #freeassyria #nineveh #ninevehplains #dashtadnineveh #","https://p16-sign-sg.tiktokcdn.com/obj/tos-alisg-p-0037/o0EeXbEgQqAenDERL0R0P8bj5XnEBBOImBzjGw?x-expires=1680566400&x-signature=ysTxM7vVoaEyhNJlk26LUMZk7EA%3D","720p","https://v16-webapp-prime.tiktok.com/video/tos/alisg/tos-alisg-pve-0037c001/ow3D9jNoQGPEQF8BpgznbBORXbAeR6Egyqfjoj/?a=1988&ch=0&cr=0&dr=0&lr=tiktok_m&cd=0%7C0%7C1%7C0&cv=1&br=938&bt=469&cs=0&ds=3&mime_type=video_mp4&qs=0&rc=ZjNkaDo4NjM8PGY6NGdmOkBpam50bjo6ZnA3aTMzODczNEA1Nl42X2E0NV8xXjUwNC81YSNnYWNlcjRvX2xgLS1kMS1zcw%3D%3D&btag=80000&expire=1680569820&ft=-Csk_mH1PD12Nrc3YG-UxPRvmYKt3wv25.3Ap&l=20230403185650C91AFC04C90BC948A7B4&ply_type=2&policy=2&signature=8a9ecef8f3993f19551bed63d2778fdd&tk=tt_chain_token","9","mp4","1024","https://v16-webapp-prime.tiktok.com/video/tos/alisg/tos-alisg-pve-0037c001/ow3D9jNoQGPEQF8BpgznbBORXbAeR6Egyqfjoj/?a=1988&ch=0&cr=0&dr=0&lr=tiktok_m&cd=0%7C0%7C1%7C0&cv=1&br=938&bt=469&cs=0&ds=3&mime_type=video_mp4&qs=0&rc=ZjNkaDo4NjM8PGY6NGdmOkBpam50bjo6ZnA3aTMzODczNEA1Nl42X2E0NV8xXjUwNC81YSNnYWNlcjRvX2xgLS1kMS1zcw%3D%3D&btag=80000&expire=1680569820&ft=-Csk_mH1PD12Nrc3YG-UxPRvmYKt3wv25.3Ap&l=20230403185650C91AFC04C90BC948A7B4&ply_type=2&policy=2&signature=8a9ecef8f3993f19551bed63d2778fdd&tk=tt_chain_token","576","https://www.tiktok.com/@unitedassyria/video/7201334087716474114"
"https://p16-sign-va.tiktokcdn.com/tos-maliva-avt-0068/a809d958b78ec8a6a0f04309597db669~c5_720x720.jpeg?x-expires=1680717600&x-signature=1JVBYC6yiiM3A7%2FoFimJTWbEKZg%3D",,"14700","223000","601","8400000","6813533221193483270","ramina_rated","Ramina_Rated","false","","🧿
Let’s laugh together 🤎
Follow on IG 👆🏽
Inquiries 📧 raminarated@gmail.com","false","false","988","1018","1665099362","2022-10-06T23:36:02.000Z","51600",,,"","1663340013776901","assyriantiktok","","","1592238930108417","arabtiktok","From small business owners to cooks and style icons, here's to our thriving community of creators creating culture around the world. Here's to #ArabTikTok.","","1621280529289397","assyrianmom","","","418124","assyrians","","","15959629","suryoyo","","","419235","chaldean","","","48136","middleeastern","","","21314","scared","","","55956","scare","","","123840","scarecam","Let’s scare a friend, a family member or anyone! Don’t forget to record and post it here. 1 2 3 GO!","","9122","prank","","","5334","halloween","Happy #Halloween! Share your spooky looks, treats, story-times and movie recommendations.","","7566","scary","","","5424","funny","What's so #Funny?","","1606334392378370","comedy","","","229207","fyp","","https://p16-sg.tiktokcdn.com/obj/tiktok-obj/14395673ac767c75a2f846113229ea95.png","1652484531221509","xyzbca","Asla bir sonraki hamleni bilmelerine izin verme! 👀",,,,,,,,,,,,,,,,,,,,,,,,,,,,,,,,,,,,,,,,,,,,,,,,,,,,,,,,,,,,,,,,,,,,,,,,,,,,,,,,,,,,,,,,,,,,,,,,,,,,,,,,,,,,,,,,,,,,,,,,,,,,,"7151547276345740586","false","false","US","https://v16-webapp-prime.tiktok.com/video/tos/maliva/tos-maliva-ve-0068c799-us/26f28a4e74f9425a94821522c36339f6/?a=1988&ch=0&cr=0&dr=0&lr=tiktok_m&cd=0%7C0%7C1%7C0&cv=1&br=1854&bt=927&cs=0&ds=3&mime_type=video_mp4&qs=0&rc=MzRmaTZnOTg0NGg8ZjQ6OUBpM3ZtdWc6ZjNwZjMzZzczNEA2NmAwYzNhNmMxYjAxXjVgYSMwNjBtcjRfX3NgLS1kMS9zcw%3D%3D&btag=80000&expire=1680569998&ft=-Csk_mH1PD12Nrc3YG-UxPRvmYKt3wv25.3Ap&l=20230403185650C91AFC04C90BC948A7B4&ply_type=2&policy=2&signature=eca68ddad9f1ad58a9025fe04a9aba8f&tk=tt_chain_token",,,"https://p16-sign-va.tiktokcdn.com/tos-maliva-avt-0068/a809d958b78ec8a6a0f04309597db669~c5_720x720.jpeg?x-expires=1680717600&x-signature=1JVBYC6yiiM3A7%2FoFimJTWbEKZg%3D","","Ramina_Rated","7151547349557365547","original sound","true","https://v77.tiktokcdn.com/57b61817ecb31019ed0f874cb4cef6b5/642b75ea/video/tos/alisg/tos-alisg-v-27dcd7/8fcbe4e9e49348a2b29d19277996ef99/?a=1233&ch=0&cr=0&dr=0&er=2&cd=0%7C0%7C0%7C0&br=250&bt=125&mime_type=audio_mpeg&qs=6&rc=aWU5Ozc4NDczNmY0Ojo8ZEBpanNlNTM6ZnE4ZDMzODU8NEBiY2NiLi9hXi8xMWAvYS9jYSNfLm40cjRnY25gLS1kMS1zcw%3D%3D&l=20230403185650C91AFC04C90BC948A7B4&btag=80000&cc=13&ft=d2A~l-Inz7TdQpjfiyq8Z&download=true","345500","assyrians","291.4M","5098","I think I scared my mom for the full 31 days of the month… 😩 #assyriantiktok #arabtiktok  #a#assyrianmoma#assyrianss#suryoyoc#chaldeanm#middleeasterns#scareds#scares#scarecamp#prankh#halloweens#scaryf#funnyc#comedymom #fyp #xyzbca ","https://p19-sign.tiktokcdn-us.com/tos-useast5-p-0068-tx/e997d133736f4ad19b91215f55e7c461_1665099363~tplv-dmt-logom:tos-useast5-i-0068-tx/9cf44078678c42b084e5e4ece443c12c.image?x-expires=1680566400&x-signature=tTehRxtpTOuE%2FI3AK79gjTjMjhE%3D","720p","https://v16-webapp-prime.tiktok.com/video/tos/maliva/tos-maliva-ve-0068c799-us/26f28a4e74f9425a94821522c36339f6/?a=1988&ch=0&cr=0&dr=0&lr=tiktok_m&cd=0%7C0%7C1%7C0&cv=1&br=1854&bt=927&cs=0&ds=3&mime_type=video_mp4&qs=0&rc=MzRmaTZnOTg0NGg8ZjQ6OUBpM3ZtdWc6ZjNwZjMzZzczNEA2NmAwYzNhNmMxYjAxXjVgYSMwNjBtcjRfX3NgLS1kMS9zcw%3D%3D&btag=80000&expire=1680569998&ft=-Csk_mH1PD12Nrc3YG-UxPRvmYKt3wv25.3Ap&l=20230403185650C91AFC04C90BC948A7B4&ply_type=2&policy=2&signature=eca68ddad9f1ad58a9025fe04a9aba8f&tk=tt_chain_token","187","mp4","1026","https://v16-webapp-prime.tiktok.com/video/tos/maliva/tos-maliva-ve-0068c799-us/26f28a4e74f9425a94821522c36339f6/?a=1988&ch=0&cr=0&dr=0&lr=tiktok_m&cd=0%7C0%7C1%7C0&cv=1&br=1854&bt=927&cs=0&ds=3&mime_type=video_mp4&qs=0&rc=MzRmaTZnOTg0NGg8ZjQ6OUBpM3ZtdWc6ZjNwZjMzZzczNEA2NmAwYzNhNmMxYjAxXjVgYSMwNjBtcjRfX3NgLS1kMS9zcw%3D%3D&btag=80000&expire=1680569998&ft=-Csk_mH1PD12Nrc3YG-UxPRvmYKt3wv25.3Ap&l=20230403185650C91AFC04C90BC948A7B4&ply_type=2&policy=2&signature=eca68ddad9f1ad58a9025fe04a9aba8f&tk=tt_chain_token","576","https://www.tiktok.com/@ramina_rated/video/7151547276345740586"
"https://p16-sign-sg.tiktokcdn.com/aweme/720x720/tos-alisg-avt-0068/c2bf87222f8aa0db1e2e9f79806e0756.jpeg?x-expires=1680717600&x-signature=wjKcQWMHMt9z2SYrciwTWW8otRQ%3D",,"15100","23600","379","615300","6746688414025794566","unitedassyria","unitedassyria","false",,"Indigenous to Mesopotamia 
We speak Jesus Christs language ✝️
Assyria will rise","false","false","201","1376","1680345859","2023-04-01T10:44:19.000Z","28700",,,"","229207","fyp","","","42164","foryou","","","1598498371111942","foryourpage","","","1637342470396934","fypシ","","","628349","assyrian","","","1756481","assyria","","","1663340013776901","assyriantiktok","","","2977934","mesopotamia","","","419235","chaldean","","","418124","assyrians","","","18717910","chaldeans","","","1666064780038150","chaldeantiktok","","","71353920","syriac","","","2151681","suraya","","","10645451","suryoye","","","9481573","aramaic","","","1666960726225941","freeassyria","","","2535313","nineveh","","","1706760306087946","ninevehplains","","","1688255537639425","dashtadnineveh","","","1630560","nohadra","","","769748","duhok","","","61092239","assyriannewyear","","","7209581423974416391","assyriannewyear6773","","","1662479905226758","khabnissan","","","7213206340758421510","khabnissan6773","","","1602247094756518","akitu","",,,,,,,,,,,,,,,,,,,,,,,,,,,,,,,,,,,,,,,,,,,,,,,,,,,,,,,,,,,,,,,,,,,,,,,,,,,,,,,,,,,,,"7217030485929889026","false","false",,"https://v16-webapp-prime.us.tiktok.com/video/tos/alisg/tos-alisg-pve-0037c001/oACC5fkChU0IwDFpAoNSpY1AIN1ayzocAQwxA1/?a=1988&ch=0&cr=0&dr=0&lr=tiktok_m&cd=0%7C0%7C1%7C0&cv=1&br=7956&bt=3978&cs=0&ds=3&ft=_rKBMBnZq8Zmo8xF.c_vj_RhsAhLrus&mime_type=video_mp4&qs=0&rc=Omg7ZDRkZDU6NTk4OGdlNUBpanNsZzU6ZnQzajMzODczNEBhNC1hXzA0NTQxMTExMDZhYSNoZ19mcjRnZmhgLS1kMS1zcw%3D%3D&expire=1680569917&l=20230403185748C7F0850FA763FE23D9C3&ply_type=2&policy=2&signature=9db7ac4e61fefe50730eac16a1269b76&tk=tt_chain_token",,,"https://p16-sign-sg.tiktokcdn.com/aweme/720x720/tos-alisg-avt-0068/c2bf87222f8aa0db1e2e9f79806e0756.jpeg?x-expires=1680717600&x-signature=wjKcQWMHMt9z2SYrciwTWW8otRQ%3D","","unitedassyria","7217030496528976642","original sound","true","https://v16m.tiktokcdn-us.com/b275254b97cca7ffc41a262e80fcb7c2/642b761d/video/tos/useast5/tos-useast5-v-27dcd7c799-tx/oIQhoICGTJQwEHnHf8fPbmpQCzhofDngSrkoCw/?a=1233&ch=0&cr=0&dr=0&er=2&cd=0%7C0%7C0%7C0&br=250&bt=125&ft=t5PLr-Inz7TnPpjfiyq8Z&mime_type=audio_mpeg&qs=6&rc=OjU0NGc8NTU1ZDxkOmhkOkBpam00dDs6ZnlsaTMzNzU8M0BeXy9jNjIuNjYxMjYxMy8yYSMtXy5jcjRvYGRgLS1kMTZzcw%3D%3D&l=20230403185748C7F0850FA763FE23D9C3&download=true","487300","assyrians","291.4M","1260","Assyrian New Year 6773 celebrations in Nohadra, Assyria now #fyp #foryou #foryourpage #fypシ #assyrian #assyria #assyriantiktok #mesopotamia #chaldean #assyrians #chaldeans #chaldeantiktok #syriac #suraya #suryoye #aramaic #freeassyria #nineveh #ninevehplains #dashtadnineveh #nohadra #duhok #assyriannewyear #assyriannewyear6773 #khabnissan #khabnissan6773 #akitu ","https://p16-sign-sg.tiktokcdn.com/obj/tos-alisg-p-0037/oQyHoYok1A5EAAfICApI1wKC3FCcwKNUwSCzhp?x-expires=1680566400&x-signature=3zb8CiJGzJbFsGddJkgVzAbgTno%3D","720p","https://v16-webapp-prime.us.tiktok.com/video/tos/alisg/tos-alisg-pve-0037c001/oACC5fkChU0IwDFpAoNSpY1AIN1ayzocAQwxA1/?a=1988&ch=0&cr=0&dr=0&lr=tiktok_m&cd=0%7C0%7C1%7C0&cv=1&br=7956&bt=3978&cs=0&ds=3&ft=_rKBMBnZq8Zmo8xF.c_vj_RhsAhLrus&mime_type=video_mp4&qs=0&rc=Omg7ZDRkZDU6NTk4OGdlNUBpanNsZzU6ZnQzajMzODczNEBhNC1hXzA0NTQxMTExMDZhYSNoZ19mcjRnZmhgLS1kMS1zcw%3D%3D&expire=1680569917&l=20230403185748C7F0850FA763FE23D9C3&ply_type=2&policy=2&signature=9db7ac4e61fefe50730eac16a1269b76&tk=tt_chain_token","49","mp4","1024","https://v16-webapp-prime.us.tiktok.com/video/tos/alisg/tos-alisg-pve-0037c001/oACC5fkChU0IwDFpAoNSpY1AIN1ayzocAQwxA1/?a=1988&ch=0&cr=0&dr=0&lr=tiktok_m&cd=0%7C0%7C1%7C0&cv=1&br=7956&bt=3978&cs=0&ds=3&ft=_rKBMBnZq8Zmo8xF.c_vj_RhsAhLrus&mime_type=video_mp4&qs=0&rc=Omg7ZDRkZDU6NTk4OGdlNUBpanNsZzU6ZnQzajMzODczNEBhNC1hXzA0NTQxMTExMDZhYSNoZ19mcjRnZmhgLS1kMS1zcw%3D%3D&expire=1680569917&l=20230403185748C7F0850FA763FE23D9C3&ply_type=2&policy=2&signature=9db7ac4e61fefe50730eac16a1269b76&tk=tt_chain_token","576","https://www.tiktok.com/@unitedassyria/video/7217030485929889026"
"https://p16-sign-sg.tiktokcdn.com/aweme/720x720/tos-alisg-avt-0068/508846ee0aa01367a7f4cc6e018efb94.jpeg?x-expires=1680717600&x-signature=zc1gG7%2Fj0JgsziVQt3Er9MbIr2w%3D",,"13700","138300","31","2700000","6815905540666590214","ninos.2","Assyrian","false",,"❤️ Assyrian ❤️   اشوري وأفتخر 
للاعلان والدعايات ارسال رسالة الى الايميل .","false","false","731","400","1669546862","2022-11-27T11:01:02.000Z","26900",,,"","628349","assyrian","","","1663340013776901","assyriantiktok","","","418124","assyrians","","","1756481","assyria","","","1664488018540549","assyrianboys","","","15076050","assyriangirl","","","3256891","assyrianmusic","","","44113753","assyriansong","","","55808371","assyriandance","","","1666205840710661","assyriansingers","","","1663433591615493","assyriansongs","","","1597841057162245","assyrianflag","","","1638174173043718","assyrianfunny","","","1660501828911109","assyrianpeople","","","1662479903352838","assyriantraditionalclothes","","","1662479376972806","assyriantraditions","","","1659875834611717","assyrianculture","","","1621280529289397","assyrianmom","","","1647597481881606","assyriandad","","","1670754788162565","assyrianlanguage","","","7106420413156032514","assyriangrom","","","1699282573124609","assyrianbride","","","71719429","assyrianforever","","","1649231565188102","assyriancheck","","","10726866","assyrianwedding","","","1636207731809285","assyrianweddings","","","1653603545183237","assyrianweddingsgohard","","","7136024233850699778","assyrianmens","","","1652366493842438","assyrian_girl","","","1696433917247494","assyrian_generations_❤️❤️❤️","","","1667418889684998","assyriankids","","","1622252011123718","اشور","","","1611416564156421","اشوري","","","1659216532515845","اشورين","","","1667670264813573","اشوريين","","","1664801737725958","اشوريه","","","1632341673566214","اشورية","","","1685987383928833","اشوريين_سوريا_الحسكة","","","7003716087321722882","اشوريي_استراليا_سيدني","","","1674702804258822","اشورية_سرياني_كلداني","","","1694173387341825","اشوريين_سوريا_الحسكة🇸🇾","","","7123106785317093377","نينوس_دشتو","","","64688291","الحسكة","","","1616090491487238","تل_تمر","","","10120797","سوريا","","","1594494763494406","العراق_السعوديه_الاردن_الخليج","","","1697310223083521","اشورينا","","","89558309","نينوى","","7170649113543904513","false","false",,"https://v16-webapp-prime.us.tiktok.com/video/tos/alisg/tos-alisg-pve-0037c001/osDH7N0CIU3A8oBNE6IQ3AzxL5HfhAiaAwLCQw/?a=1988&ch=0&cr=0&dr=0&lr=tiktok_m&cd=0%7C0%7C1%7C0&cv=1&br=3418&bt=1709&cs=0&ds=3&ft=_rKBMBnZq8Zmo8xF.c_vj_RhsAhLrus&mime_type=video_mp4&qs=0&rc=ODg3ZTg0OGZpOTY5NDhmN0BpanUzdzc6ZmtuaDMzODczNEAwMV80Ml8wNjQxYi82Xy0yYSMwY2xvcjQwLy5gLS1kMS1zcw%3D%3D&expire=1680569931&l=20230403185748C7F0850FA763FE23D9C3&ply_type=2&policy=2&signature=9afbf93f8920c4a7e65d16dfa4eaf02c&tk=tt_chain_token",,,"https://p16-sign-sg.tiktokcdn.com/aweme/720x720/tos-alisg-avt-0068/508846ee0aa01367a7f4cc6e018efb94.jpeg?x-expires=1680717600&x-signature=zc1gG7%2Fj0JgsziVQt3Er9MbIr2w%3D","","Assyrian","7170649224072284929","original sound","true","https://v16m.tiktokcdn-us.com/75fe7c0c256929b78336965a715f4f4a/642b764b/video/tos/useast5/tos-useast5-v-27dcd7c799-tx/o4uTbCngshUBw8JpjyqDOeQUghrGBCeQ3ma0Di/?a=1233&ch=0&cr=0&dr=0&er=2&cd=0%7C0%7C0%7C0&br=250&bt=125&ft=t5PLr-Inz7TnPpjfiyq8Z&mime_type=audio_mpeg&qs=6&rc=aDU0OmZpZjU2OWQ3NmU2OEBpamQ8Ozk6ZjNuaDMzODU8NEBfLjYyMGMuNV8xM182MzNjYSNpZTJqcjRvNC5gLS1kMS1zcw%3D%3D&l=20230403185748C7F0850FA763FE23D9C3&download=true","471500","assyrians","291.4M","969","#assyrian#assyriantiktok#assyrians #assyria #assyrianboys #assyriangirl #assyrianmusic #assyriansong #assyriandance #assyriansingers #assyriansongs #assyrianflag #assyrianfunny #assyrianpeople #assyriantraditionalclothes #assyriantraditions #assyrianculture #assyrianmom #assyriandad #assyrianlanguage#assyriangrom#assyrianbride#assyrianforever#assyriancheck #assyrianwedding #assyrianweddings #assyrianweddingsgohard #assyrianmens #assyrian_girl #assyrian_generations_❤️❤️❤️ #assyriankids #اشور#اشوري#اشورين#اشوريين#اشوريه#اشورية#اشوريين_سوريا_الحسكة #اشوريي_استراليا_سيدني #اشورية_سرياني_كلداني #اشوريين_سوريا_الحسكة🇸🇾 #نينوس_دشتو #الحسكة#تل_تمر #سوريا#العراق_السعوديه_الاردن_الخليج #اشورينا  #نينوى ","https://p16-sign-sg.tiktokcdn.com/obj/tos-alisg-p-0037/91b64bc39a254e57ab8794c3804ca7bd_1669546884?x-expires=1680566400&x-signature=RfWnKLmkzuGuAOd8RxB0P8Go%2FXk%3D","720p","https://v16-webapp-prime.us.tiktok.com/video/tos/alisg/tos-alisg-pve-0037c001/osDH7N0CIU3A8oBNE6IQ3AzxL5HfhAiaAwLCQw/?a=1988&ch=0&cr=0&dr=0&lr=tiktok_m&cd=0%7C0%7C1%7C0&cv=1&br=3418&bt=1709&cs=0&ds=3&ft=_rKBMBnZq8Zmo8xF.c_vj_RhsAhLrus&mime_type=video_mp4&qs=0&rc=ODg3ZTg0OGZpOTY5NDhmN0BpanUzdzc6ZmtuaDMzODczNEAwMV80Ml8wNjQxYi82Xy0yYSMwY2xvcjQwLy5gLS1kMS1zcw%3D%3D&expire=1680569931&l=20230403185748C7F0850FA763FE23D9C3&ply_type=2&policy=2&signature=9afbf93f8920c4a7e65d16dfa4eaf02c&tk=tt_chain_token","63","mp4","1024","https://v16-webapp-prime.us.tiktok.com/video/tos/alisg/tos-alisg-pve-0037c001/osDH7N0CIU3A8oBNE6IQ3AzxL5HfhAiaAwLCQw/?a=1988&ch=0&cr=0&dr=0&lr=tiktok_m&cd=0%7C0%7C1%7C0&cv=1&br=3418&bt=1709&cs=0&ds=3&ft=_rKBMBnZq8Zmo8xF.c_vj_RhsAhLrus&mime_type=video_mp4&qs=0&rc=ODg3ZTg0OGZpOTY5NDhmN0BpanUzdzc6ZmtuaDMzODczNEAwMV80Ml8wNjQxYi82Xy0yYSMwY2xvcjQwLy5gLS1kMS1zcw%3D%3D&expire=1680569931&l=20230403185748C7F0850FA763FE23D9C3&ply_type=2&policy=2&signature=9afbf93f8920c4a7e65d16dfa4eaf02c&tk=tt_chain_token","576","https://www.tiktok.com/@ninos.2/video/7170649113543904513"
"https://p16-sign.tiktokcdn-us.com/tos-useast5-avt-0068-tx/3e61948bf76f843da6ab034933478151~c5_720x720.jpeg?x-expires=1680717600&x-signature=AFkA6OlCHK63zzi00D1rXAhNL9k%3D",,"20400","12900","161","394000","7075940239315420202","assyrianchad","assyrianchad","false",,"chaldean catholic assyrian
❈ ܦܩܥܬܐ ܕܢܝܢܘܐ ܐܬܘܪ ❈
ن christian ܞ","false","false","79","1142","1670275489","2022-12-05T21:24:49.000Z","25300",,,"","46249","christian","","","5813","muslim","","","628349","assyrian","","","10860","iraq","","","23408","arab","","","1651480850288646","telkeppe","","","1661457549332485","telkaif","","","1651584387309574","telkepe","","","1656310742588421","telkef","","","7023445697115553798","telkepnaya","","","1687930843084806","telkepnetha","","","1668143834260486","telkefe","","","418124","assyrians","","","1756481","assyria","","","1666960726225941","freeassyria","","","18717910","chaldeans","","","363223","iraqi","","","419235","chaldean","","","1670060903866374","chaldeancatholic","","","71353920","syriac","","","136505","christians","","","220867","christianity","","","8930921","minorities","","","8036290","indigenous","","","178716","religion","","","800391","coexist","","","47408341","coexistence","","","34197","native","","","1600067154349057","christiantiktok","","","350677","islam","","","158391","islamic","","","38289","church","","","298967","mosque","","","7056665026358312961","saveassyria","","","1691231224644613","saveassyrians","","","2535313","nineveh","","","1706760306087946","ninevehplains","","","23208883","mosul","","","20397","arabs","","","1689652342977541","assyrianfyp","","","4580","arabic","","","9481573","aramaic","","","1592238930108417","arabtiktok","From small business owners to cooks and style icons, here's to our thriving community of creators creating culture around the world. Here's to #ArabTikTok.","","1634991254907909","✝️","","","1636200800309253","☦️","","","1634991254921222","☪️","","","1614973232138245","🇮🇶","","","1654664951464966","💙🤍❤️","","7173778559981374762","false","false",,,,,"https://p77-sign-va.tiktokcdn.com/tos-maliva-avt-0068/081ffb9506ee519dc725d649b368f860~c5_720x720.jpeg?x-expires=1680717600&x-signature=S3bra%2BnJ0wwIY7HlGRkMq1F65Gg%3D","","eryk🐻","7164890768014985990","dźwięk oryginalny","true","https://v16m.tiktokcdn-us.com/75fe7c0c256929b78336965a715f4f4a/642b764b/video/tos/useast5/tos-useast5-v-27dcd7c799-tx/o4uTbCngshUBw8JpjyqDOeQUghrGBCeQ3ma0Di/?a=1233&ch=0&cr=0&dr=0&er=2&cd=0%7C0%7C0%7C0&br=250&bt=125&ft=t5PLr-Inz7TnPpjfiyq8Z&mime_type=audio_mpeg&qs=6&rc=aDU0OmZpZjU2OWQ3NmU2OEBpamQ8Ozk6ZjNuaDMzODU8NEBfLjYyMGMuNV8xM182MzNjYSNpZTJqcjRvNC5gLS1kMS1zcw%3D%3D&l=20230403185748C7F0850FA763FE23D9C3&download=true","211400","assyrians","291.4M","209","#christian #muslim #assyrian #iraq #arab #telkeppe #telkaif #telkepe #telkef #telkepnaya #telkepnetha #telkefe #assyrians #assyria #freeassyria #chaldeans #iraqi #chaldean #chaldeancatholic #syriac #christians #christianity #minorities #indigenous #religion #coexist #coexistence #native #christiantiktok #islam #islamic #church #mosque #saveassyria #saveassyrians #nineveh #ninevehplains #mosul #arabs #assyrianfyp #arabic #aramaic #arabtiktok #✝️ #☦️ #☪️ #🇮🇶 #💙🤍❤️","https://p16-sign.tiktokcdn-us.com/tos-useast5-i-photomode-tx/41d038d1e3ff4466a78a368bea6686cc~tplv-photomode-image.jpeg?x-expires=1680566400&x-signature=QN7XHiXeJRGqoYn1f%2BAe5Q8Q1n4%3D",,,"0",,"0",,"0","https://www.tiktok.com/@assyrianchad/video/7173778559981374762"
"https://p16-sign.tiktokcdn-us.com/tos-useast5-avt-0068-tx/955f4e01d093c4fb2fd22f5661c18c4d~c5_720x720.jpeg?x-expires=1680717600&x-signature=ieMZtNlKOHDhNRbDhs2eU86JSZM%3D",,"91300","34700","163","728100","6723254250421617670","maryamaquarium","Maryam","false",,"Assyrian ♰","false","false","85","527","1664064673","2022-09-25T00:11:13.000Z","24700",,,"","229207","fyp","","","628349","assyrian","","","418124","assyrians","","","1663340013776901","assyriantiktok","","","48136","middleeastern","","","1756481","assyria","",,,,,,,,,,,,,,,,,,,,,,,,,,,,,,,,,,,,,,,,,,,,,,,,,,,,,,,,,,,,,,,,,,,,,,,,,,,,,,,,,,,,,,,,,,,,,,,,,,,,,,,,,,,,,,,,,,,,,,,,,,,,,,,,,,,,,,,,,,,,,,,,,,,,,,,,,,,,,,,,,,,,,,,,,"7147103304328269098","false","false",,"https://v16-webapp-prime.us.tiktok.com/video/tos/useast5/tos-useast5-pve-0068-tx/b5068795647348e191e21de834db9371/?a=1988&ch=0&cr=0&dr=0&lr=tiktok_m&cd=0%7C0%7C1%7C0&cv=1&br=2544&bt=1272&cs=0&ds=3&ft=_rKBMBnZq8Zmo8xF.c_vj_RhsAhLrus&mime_type=video_mp4&qs=0&rc=N2k8aTs1PDY5ZWVoaTg1O0BpMzt4NDo6ZjRzZjMzZzczNEAtMzEtYDFfNl8xMy9iMl5fYSNhMV8ucjQwbGtgLS1kMS9zcw%3D%3D&expire=1680569917&l=20230403185748C7F0850FA763FE23D9C3&ply_type=2&policy=2&signature=cc5e1b20b8d2225b2cef5d2eca793bef&tk=tt_chain_token","@shlama.apparel",,"https://p16-sign.tiktokcdn-us.com/tos-useast5-avt-0068-tx/955f4e01d093c4fb2fd22f5661c18c4d~c5_720x720.jpeg?x-expires=1680717600&x-signature=ieMZtNlKOHDhNRbDhs2eU86JSZM%3D","","Maryam","7147075274251733806","original sound","true","https://v16m.tiktokcdn-us.com/75fe7c0c256929b78336965a715f4f4a/642b764b/video/tos/useast5/tos-useast5-v-27dcd7c799-tx/o4uTbCngshUBw8JpjyqDOeQUghrGBCeQ3ma0Di/?a=1233&ch=0&cr=0&dr=0&er=2&cd=0%7C0%7C0%7C0&br=250&bt=125&ft=t5PLr-Inz7TnPpjfiyq8Z&mime_type=audio_mpeg&qs=6&rc=aDU0OmZpZjU2OWQ3NmU2OEBpamQ8Ozk6ZjNuaDMzODU8NEBfLjYyMGMuNV8xM182MzNjYSNpZTJqcjRvNC5gLS1kMS1zcw%3D%3D&l=20230403185748C7F0850FA763FE23D9C3&download=true","527500","assyrians","291.4M","299","You’ll always find these😂 | @shlama.apparel #fyp #assyrian #assyrians #assyriantiktok #middleeastern #assyria ","https://p16-sign.tiktokcdn-us.com/obj/tos-useast5-p-0068-tx/2600737db876499f90266596c08abff0?x-expires=1680566400&x-signature=AFREyTBIQd7PsUVkNfsHKu2gAQQ%3D","720p","https://v16-webapp-prime.us.tiktok.com/video/tos/useast5/tos-useast5-pve-0068-tx/b5068795647348e191e21de834db9371/?a=1988&ch=0&cr=0&dr=0&lr=tiktok_m&cd=0%7C0%7C1%7C0&cv=1&br=2544&bt=1272&cs=0&ds=3&ft=_rKBMBnZq8Zmo8xF.c_vj_RhsAhLrus&mime_type=video_mp4&qs=0&rc=N2k8aTs1PDY5ZWVoaTg1O0BpMzt4NDo6ZjRzZjMzZzczNEAtMzEtYDFfNl8xMy9iMl5fYSNhMV8ucjQwbGtgLS1kMS9zcw%3D%3D&expire=1680569917&l=20230403185748C7F0850FA763FE23D9C3&ply_type=2&policy=2&signature=cc5e1b20b8d2225b2cef5d2eca793bef&tk=tt_chain_token","49","mp4","1024","https://v16-webapp-prime.us.tiktok.com/video/tos/useast5/tos-useast5-pve-0068-tx/b5068795647348e191e21de834db9371/?a=1988&ch=0&cr=0&dr=0&lr=tiktok_m&cd=0%7C0%7C1%7C0&cv=1&br=2544&bt=1272&cs=0&ds=3&ft=_rKBMBnZq8Zmo8xF.c_vj_RhsAhLrus&mime_type=video_mp4&qs=0&rc=N2k8aTs1PDY5ZWVoaTg1O0BpMzt4NDo6ZjRzZjMzZzczNEAtMzEtYDFfNl8xMy9iMl5fYSNhMV8ucjQwbGtgLS1kMS9zcw%3D%3D&expire=1680569917&l=20230403185748C7F0850FA763FE23D9C3&ply_type=2&policy=2&signature=cc5e1b20b8d2225b2cef5d2eca793bef&tk=tt_chain_token","576","https://www.tiktok.com/@maryamaquarium/video/7147103304328269098"
